SEASON_ID,TEAM_ID,TEAM_ABBREVIATION,TEAM_NAME,GAME_ID,GAME_DATE,MATCHUP,WL,MIN,PTS,FGM,FGA,FG_PCT,FG3M,FG3A,FG3_PCT,FTM,FTA,FT_PCT,OREB,DREB,REB,AST,STL,BLK,TOV,PF,PLUS_MINUS
12025,1610612752,NYK,New York Knicks,0012500008,2025-10-02,PHI @ NYK,W,238,99,35,91,0.385,8,39,0.205,21,32,0.656,20,38,58,19,13,2,17,26,15.0
12025,1610612755,PHI,Philadelphia 76ers,0012500008,2025-10-02,PHI @ NYK,L,241,84,27,78,0.346,3,35,0.086,27,32,0.844,10,36,46,17,8,5,20,24,-15.0
12025,1610612747,LAL,Los Angeles Lakers,0012500001,2025-10-03,LAL vs. PHX,L,240,81,23,74,0.311,6,35,0.171,29,37,0.784,11,35,46,10,9,7,22,25,-22.0
12025,1610612740,NOP,New Orleans Pelicans,0012500009,2025-10-03,NOP vs. MEL,W,240,107,40,90,0.444,8,33,0.242,19,24,0.792,13,33,46,20,11,8,16,22,10.0
12025,1610612756,PHX,Phoenix Suns,0012500001,2025-10-03,PHX @ LAL,W,241,103,38,90,0.422,13,41,0.317,14,26,0.538,10,40,50,29,9,5,16,31,22.0
12025,1610612751,BKN,Brooklyn Nets,0012500026,2025-10-04,BKN vs. HAP,W,240,123,49,87,0.563,17,38,0.447,8,16,0.5,15,37,52,31,7,4,15,28,35.0
12025,1610612743,DEN,Denver Nuggets,0012500028,2025-10-04,DEN vs. MIN,L,240,116,41,75,0.547,11,28,0.393,23,28,0.821,7,30,37,27,9,4,15,22,-10.0
12025,1610612748,MIA,Miami Heat,0012500027,2025-10-04,MIA vs. ORL,L,240,118,38,85,0.447,14,29,0.483,28,38,0.737,12,28,40,27,10,5,18,27,-8.0
12025,1610612750,MIN,Minnesota Timberwolves,0012500028,2025-10-04,MIN @ DEN,W,239,126,45,88,0.511,15,30,0.5,21,26,0.808,13,28,41,32,7,3,11,24,10.0
12025,1610612740,NOP,New Orleans Pelicans,0012500011,2025-10-04,NOP vs. SEM,W,242,127,46,81,0.568,12,33,0.364,23,33,0.697,12,38,50,33,9,8,16,21,35.0
12025,1610612752,NYK,New York Knicks,0012500010,2025-10-04,NYK @ PHI,W,242,113,38,86,0.442,12,36,0.333,25,33,0.758,11,32,43,21,10,4,14,24,9.0
12025,1610612753,ORL,Orlando Magic,0012500027,2025-10-04,ORL @ MIA,W,238,126,45,98,0.459,13,39,0.333,23,31,0.742,22,36,58,21,10,9,18,29,8.0
12025,1610612755,PHI,Philadelphia 76ers,0012500010,2025-10-04,NYK @ PHI,L,239,104,35,79,0.443,12,33,0.364,22,31,0.71,9,32,41,22,11,6,19,24,-9.0
12025,1610612766,CHA,Charlotte Hornets,0012500029,2025-10-05,CHA vs. OKC,L,240,114,37,94,0.394,15,51,0.294,25,30,0.833,14,33,47,23,8,4,17,14,-21.0
12025,1610612744,GSW,Golden State Warriors,0012500030,2025-10-05,GSW vs. LAL,W,241,111,39,84,0.464,17,43,0.395,16,21,0.762,8,36,44,35,11,7,18,24,8.0
12025,1610612747,LAL,Los Angeles Lakers,0012500030,2025-10-05,LAL @ GSW,L,241,103,35,84,0.417,12,34,0.353,21,27,0.778,12,31,43,25,7,5,18,20,-8.0
12025,1610612760,OKC,Oklahoma City Thunder,0012500029,2025-10-05,OKC @ CHA,W,240,135,50,94,0.532,20,49,0.408,15,19,0.789,8,36,44,33,11,2,14,24,21.0
12025,1610612737,ATL,Atlanta Hawks,0012500014,2025-10-06,ATL @ HOU,L,240,113,40,91,0.44,15,49,0.306,18,27,0.667,10,24,34,32,14,5,13,26,-9.0
12025,1610612742,DAL,Dallas Mavericks,0012500033,2025-10-06,DAL vs. OKC,W,240,106,34,81,0.42,11,35,0.314,27,30,0.9,11,47,58,26,5,12,21,20,17.0
12025,1610612743,DEN,Denver Nuggets,0012500034,2025-10-06,DEN @ TOR,W,241,112,38,67,0.567,11,29,0.379,25,35,0.714,8,40,48,22,8,6,31,22,4.0
12025,1610612765,DET,Detroit Pistons,0012500031,2025-10-06,DET @ MEM,W,240,128,48,90,0.533,14,39,0.359,18,29,0.621,16,39,55,29,13,7,22,27,16.0
12025,1610612745,HOU,Houston Rockets,0012500014,2025-10-06,HOU vs. ATL,W,239,122,39,81,0.481,14,34,0.412,30,35,0.857,12,41,53,24,6,6,19,17,9.0
12025,1610612763,MEM,Memphis Grizzlies,0012500031,2025-10-06,MEM vs. DET,L,239,112,36,88,0.409,20,49,0.408,20,29,0.69,13,25,38,21,13,7,18,27,-16.0
12025,1610612748,MIA,Miami Heat,0012500002,2025-10-06,MIA vs. MIL,L,240,93,33,85,0.388,8,28,0.286,19,28,0.679,10,50,60,25,8,4,23,19,-10.0
12025,1610612749,MIL,Milwaukee Bucks,0012500002,2025-10-06,MIL @ MIA,W,240,103,36,87,0.414,13,41,0.317,18,26,0.692,3,40,43,24,15,5,15,23,10.0
12025,1610612760,OKC,Oklahoma City Thunder,0012500033,2025-10-06,OKC @ DAL,L,240,89,30,97,0.309,14,51,0.275,15,20,0.75,14,29,43,18,14,5,14,25,-17.0
12025,1610612759,SAS,San Antonio Spurs,0012500032,2025-10-06,SAS vs. GUA,W,238,119,43,80,0.538,15,38,0.395,18,24,0.75,15,37,52,31,14,8,23,24,31.0
12025,1610612761,TOR,Toronto Raptors,0012500034,2025-10-06,TOR vs. DEN,L,240,108,40,97,0.412,10,42,0.238,18,27,0.667,15,23,38,26,17,0,11,31,-4.0
12025,1610612741,CHI,Chicago Bulls,0012500035,2025-10-07,CHI @ CLE,W,240,118,42,81,0.519,13,40,0.325,21,29,0.724,15,36,51,31,9,4,26,22,1.0
12025,1610612739,CLE,Cleveland Cavaliers,0012500035,2025-10-07,CLE vs. CHI,L,241,117,44,94,0.468,15,41,0.366,14,24,0.583,9,23,32,27,19,3,15,24,-1.0
12025,1610612754,IND,Indiana Pacers,0012500036,2025-10-07,IND @ MIN,W,264,135,45,94,0.479,20,46,0.435,25,31,0.806,17,33,50,32,12,7,24,33,1.0
12025,1610612750,MIN,Minnesota Timberwolves,0012500036,2025-10-07,MIN vs. IND,L,267,134,43,90,0.478,17,36,0.472,31,41,0.756,11,30,41,26,14,5,20,26,-1.0
12025,1610612738,BOS,Boston Celtics,0012500038,2025-10-08,BOS @ MEM,W,238,121,41,94,0.436,15,53,0.283,24,34,0.706,16,33,49,26,13,11,13,31,18.0
12025,1610612744,GSW,Golden State Warriors,0012500015,2025-10-08,GSW vs. POR,W,241,129,42,89,0.472,19,45,0.422,26,34,0.765,9,35,44,31,9,4,19,25,6.0
12025,1610612745,HOU,Houston Rockets,0012500037,2025-10-08,HOU vs. UTA,W,240,140,52,97,0.536,13,34,0.382,23,30,0.767,19,28,47,32,10,6,13,9,13.0
12025,1610612763,MEM,Memphis Grizzlies,0012500038,2025-10-08,MEM vs. BOS,L,240,103,32,83,0.386,7,38,0.184,32,42,0.762,13,40,53,21,10,2,22,29,-18.0
12025,1610612748,MIA,Miami Heat,0012500003,2025-10-08,MIA vs. SAS,L,239,107,37,81,0.457,10,29,0.345,23,30,0.767,8,28,36,24,8,3,19,23,-5.0
12025,1610612757,POR,Portland Trail Blazers,0012500015,2025-10-08,POR @ GSW,L,239,123,43,103,0.417,16,48,0.333,21,33,0.636,23,37,60,26,9,4,18,33,-6.0
12025,1610612758,SAC,Sacramento Kings,0012500016,2025-10-08,SAC vs. TOR,L,241,122,42,84,0.5,10,33,0.303,28,37,0.757,9,34,43,25,10,11,18,22,-8.0
12025,1610612759,SAS,San Antonio Spurs,0012500003,2025-10-08,SAS @ MIA,W,242,112,40,86,0.465,13,36,0.361,19,27,0.704,16,33,49,24,10,5,21,28,5.0
12025,1610612761,TOR,Toronto Raptors,0012500016,2025-10-08,TOR @ SAC,W,241,130,44,91,0.484,20,37,0.541,22,27,0.815,11,31,42,32,11,6,16,28,8.0
12025,1610612762,UTA,Utah Jazz,0012500037,2025-10-08,UTA @ HOU,L,240,127,50,89,0.562,20,45,0.444,7,12,0.583,9,26,35,36,9,4,20,25,-13.0
12025,1610612766,CHA,Charlotte Hornets,0012500042,2025-10-09,CHA @ OKC,L,240,116,38,93,0.409,16,43,0.372,24,32,0.75,14,37,51,21,10,4,19,25,-6.0
12025,1610612741,CHI,Chicago Bulls,0012500040,2025-10-09,CHI vs. CLE,W,240,119,43,98,0.439,14,42,0.333,19,32,0.594,12,43,55,32,13,4,19,28,7.0
12025,1610612739,CLE,Cleveland Cavaliers,0012500040,2025-10-09,CLE @ CHI,L,239,112,37,90,0.411,16,41,0.39,22,32,0.688,11,38,49,26,10,9,17,22,-7.0
12025,1610612765,DET,Detroit Pistons,0012500041,2025-10-09,DET @ MIL,L,240,111,39,86,0.453,10,33,0.303,23,33,0.697,13,29,42,23,8,3,14,29,-6.0
12025,1610612749,MIL,Milwaukee Bucks,0012500041,2025-10-09,MIL vs. DET,W,240,117,34,68,0.5,18,36,0.5,31,40,0.775,3,28,31,22,4,5,15,27,6.0
12025,1610612750,MIN,Minnesota Timberwolves,0012500039,2025-10-09,MIN @ NYK,L,265,95,32,85,0.376,15,38,0.395,16,19,0.842,14,41,55,20,6,7,23,27,-5.0
12025,1610612752,NYK,New York Knicks,0012500039,2025-10-09,NYK vs. MIN,W,265,100,35,102,0.343,15,57,0.263,15,20,0.75,18,37,55,22,11,6,11,20,5.0
12025,1610612760,OKC,Oklahoma City Thunder,0012500042,2025-10-09,OKC vs. CHA,W,241,122,44,90,0.489,15,43,0.349,19,24,0.792,10,33,43,30,9,13,16,25,6.0
12025,1610612738,BOS,Boston Celtics,0012500044,2025-10-10,BOS @ TOR,L,241,105,38,83,0.458,10,38,0.263,19,21,0.905,19,35,54,22,9,4,28,25,-2.0
12025,1610612751,BKN,Brooklyn Nets,0012500012,2025-10-10,PHX @ BKN,L,265,127,40,85,0.471,14,29,0.483,33,41,0.805,15,28,43,26,11,1,32,29,-5.0
12025,1610612753,ORL,Orlando Magic,0012500070,2025-10-10,ORL @ PHI,W,242,128,40,82,0.488,11,32,0.344,37,42,0.881,19,35,54,26,8,10,20,21,30.0
12025,1610612755,PHI,Philadelphia 76ers,0012500070,2025-10-10,PHI vs. ORL,L,240,98,38,98,0.388,8,34,0.235,14,20,0.7,14,22,36,21,14,6,15,29,-30.0
12025,1610612756,PHX,Phoenix Suns,0012500012,2025-10-10,PHX @ BKN,W,265,132,43,97,0.443,11,42,0.262,35,46,0.761,22,25,47,28,18,10,21,39,5.0
12025,1610612757,POR,Portland Trail Blazers,0012500017,2025-10-10,POR vs. SAC,W,242,124,43,91,0.473,10,37,0.27,28,40,0.7,20,30,50,17,5,6,17,31,1.0
12025,1610612758,SAC,Sacramento Kings,0012500017,2025-10-10,SAC @ POR,L,241,123,43,88,0.489,11,34,0.324,26,33,0.788,12,26,38,20,8,3,17,33,-1.0
12025,1610612759,SAS,San Antonio Spurs,0012500045,2025-10-10,SAS vs. UTA,W,263,134,44,92,0.478,13,48,0.271,33,42,0.786,13,36,49,30,2,4,14,24,4.0
12025,1610612761,TOR,Toronto Raptors,0012500044,2025-10-10,TOR vs. BOS,W,240,107,38,88,0.432,16,46,0.348,15,21,0.714,15,19,34,30,12,0,18,24,2.0
12025,1610612762,UTA,Utah Jazz,0012500045,2025-10-10,UTA @ SAS,L,267,130,41,86,0.477,14,41,0.341,34,37,0.919,7,33,40,26,7,1,11,29,-4.0
12025,1610612737,ATL,Atlanta Hawks,0012500018,2025-10-11,ATL @ MEM,W,240,122,44,85,0.518,9,31,0.29,25,30,0.833,9,39,48,31,6,3,18,33,6.0
12025,1610612766,CHA,Charlotte Hornets,0012500047,2025-10-11,CHA @ DAL,W,241,120,45,92,0.489,16,39,0.41,14,23,0.609,15,39,54,25,4,2,25,18,4.0
12025,1610612742,DAL,Dallas Mavericks,0012500047,2025-10-11,DAL vs. CHA,L,241,116,46,90,0.511,10,27,0.37,14,21,0.667,5,32,37,30,16,7,14,18,-4.0
12025,1610612754,IND,Indiana Pacers,0012500046,2025-10-11,IND vs. OKC,W,240,116,41,87,0.471,12,48,0.25,22,29,0.759,11,43,54,31,9,6,21,24,15.0
12025,1610612763,MEM,Memphis Grizzlies,0012500018,2025-10-11,MEM vs. ATL,L,240,116,37,91,0.407,14,47,0.298,28,41,0.683,15,31,46,23,8,3,17,27,-6.0
12025,1610612760,OKC,Oklahoma City Thunder,0012500046,2025-10-11,OKC @ IND,L,242,101,32,83,0.386,12,37,0.324,25,30,0.833,7,30,37,18,13,5,18,27,-15.0
12025,1610612738,BOS,Boston Celtics,0012500050,2025-10-12,BOS vs. CLE,W,240,138,43,82,0.524,18,45,0.4,34,39,0.872,12,39,51,27,13,6,21,30,31.0
12025,1610612751,BKN,Brooklyn Nets,0012500013,2025-10-12,BKN @ PHX,W,240,111,38,80,0.475,17,40,0.425,18,26,0.692,12,32,44,25,7,4,21,21,2.0
12025,1610612741,CHI,Chicago Bulls,0012500051,2025-10-12,CHI vs. MIL,L,238,121,42,88,0.477,11,41,0.268,26,36,0.722,6,39,45,30,7,2,10,21,-6.0
12025,1610612739,CLE,Cleveland Cavaliers,0012500050,2025-10-12,CLE @ BOS,L,238,107,36,102,0.353,12,60,0.2,23,33,0.697,21,22,43,24,14,3,19,24,-31.0
12025,1610612743,DEN,Denver Nuggets,0012500052,2025-10-12,DEN @ LAC,W,240,102,38,82,0.463,15,42,0.357,11,17,0.647,8,37,45,23,9,2,15,22,8.0
12025,1610612744,GSW,Golden State Warriors,0012500004,2025-10-12,GSW @ LAL,L,238,116,48,91,0.527,14,43,0.326,6,8,0.75,10,22,32,32,10,4,20,22,-10.0
12025,1610612747,LAL,Los Angeles Lakers,0012500004,2025-10-12,LAL vs. GSW,W,241,126,43,80,0.538,12,27,0.444,28,35,0.8,12,26,38,28,11,2,20,11,10.0
12025,1610612748,MIA,Miami Heat,0012500049,2025-10-12,MIA @ ORL,L,240,104,35,91,0.385,9,33,0.273,25,34,0.735,14,27,41,20,13,5,15,28,-16.0
12025,1610612749,MIL,Milwaukee Bucks,0012500051,2025-10-12,MIL @ CHI,W,238,127,45,93,0.484,20,48,0.417,17,23,0.739,9,40,49,28,4,3,11,28,6.0
12025,1610612753,ORL,Orlando Magic,0012500049,2025-10-12,ORL vs. MIA,W,242,120,37,94,0.394,13,40,0.325,33,38,0.868,23,37,60,23,8,5,19,26,16.0
12025,1610612756,PHX,Phoenix Suns,0012500013,2025-10-12,BKN @ PHX,L,241,109,39,89,0.438,13,38,0.342,18,23,0.783,11,24,35,28,11,8,13,26,-2.0
12025,1610612761,TOR,Toronto Raptors,0012500048,2025-10-12,TOR @ WAS,W,240,113,36,107,0.336,14,49,0.286,27,30,0.9,17,42,59,21,12,4,10,32,1.0
12025,1610612764,WAS,Washington Wizards,0012500048,2025-10-12,WAS vs. TOR,L,241,112,35,89,0.393,9,31,0.29,33,41,0.805,15,48,63,21,5,11,19,24,-1.0
12025,1610612737,ATL,Atlanta Hawks,0012500019,2025-10-13,ATL vs. MIA,W,264,119,39,108,0.361,12,48,0.25,29,41,0.707,20,38,58,22,11,15,16,28,1.0
12025,1610612742,DAL,Dallas Mavericks,0012500056,2025-10-13,DAL @ UTA,W,239,114,37,94,0.394,15,53,0.283,25,32,0.781,18,41,59,32,8,10,15,20,13.0
12025,1610612754,IND,Indiana Pacers,0012500053,2025-10-13,IND vs. SAS,L,241,108,38,81,0.469,19,41,0.463,13,17,0.765,10,30,40,24,12,3,24,27,-16.0
12025,1610612748,MIA,Miami Heat,0012500019,2025-10-13,MIA @ ATL,L,265,118,44,113,0.389,5,34,0.147,25,30,0.833,23,47,70,22,4,6,19,28,-1.0
12025,1610612750,MIN,Minnesota Timberwolves,0012500055,2025-10-13,MIN vs. GUA,W,239,134,50,83,0.602,17,33,0.515,17,22,0.773,12,40,52,34,9,5,16,19,60.0
12025,1610612752,NYK,New York Knicks,0012500054,2025-10-13,NYK vs. WAS,L,239,103,36,81,0.444,13,42,0.31,18,26,0.692,10,24,34,24,4,2,18,22,-17.0
12025,1610612759,SAS,San Antonio Spurs,0012500053,2025-10-13,SAS @ IND,W,238,124,44,92,0.478,15,37,0.405,21,27,0.778,15,30,45,30,18,2,17,17,16.0
12025,1610612762,UTA,Utah Jazz,0012500056,2025-10-13,UTA vs. DAL,L,238,101,35,87,0.402,11,37,0.297,20,27,0.741,11,37,48,22,10,3,13,25,-13.0
12025,1610612764,WAS,Washington Wizards,0012500054,2025-10-13,WAS @ NYK,W,238,120,44,82,0.537,14,36,0.389,18,30,0.6,13,33,46,31,9,4,14,23,17.0
12025,1610612741,CHI,Chicago Bulls,0012500059,2025-10-14,CHI @ DEN,L,240,117,41,80,0.513,13,38,0.342,22,28,0.786,9,33,42,31,3,9,18,32,-7.0
12025,1610612739,CLE,Cleveland Cavaliers,0012500057,2025-10-14,CLE vs. DET,W,241,118,40,85,0.471,17,43,0.395,21,28,0.75,13,29,42,33,13,11,17,32,18.0
12025,1610612743,DEN,Denver Nuggets,0012500059,2025-10-14,DEN vs. CHI,W,241,124,39,90,0.433,9,33,0.273,37,41,0.902,10,27,37,26,7,2,9,28,7.0
12025,1610612765,DET,Detroit Pistons,0012500057,2025-10-14,DET @ CLE,L,240,100,34,73,0.466,8,24,0.333,24,38,0.632,12,28,40,23,12,6,24,24,-18.0
12025,1610612744,GSW,Golden State Warriors,0012500021,2025-10-14,GSW @ POR,W,240,118,37,87,0.425,18,50,0.36,26,33,0.788,11,44,55,26,7,3,25,26,7.0
12025,1610612745,HOU,Houston Rockets,0012500020,2025-10-14,HOU @ NOP,W,239,130,46,97,0.474,11,36,0.306,27,30,0.9,16,34,50,26,9,7,17,25,2.0
12025,1610612747,LAL,Los Angeles Lakers,0012500060,2025-10-14,LAL @ PHX,L,237,104,36,81,0.444,11,33,0.333,21,28,0.75,14,35,49,18,7,8,18,18,-9.0
12025,1610612749,MIL,Milwaukee Bucks,0012500058,2025-10-14,MIL vs. OKC,L,240,112,39,81,0.481,18,45,0.4,16,23,0.696,6,33,39,24,11,3,21,21,-4.0
12025,1610612740,NOP,New Orleans Pelicans,0012500020,2025-10-14,NOP vs. HOU,L,239,128,47,101,0.465,9,38,0.237,25,27,0.926,14,32,46,21,11,4,16,22,-2.0
12025,1610612760,OKC,Oklahoma City Thunder,0012500058,2025-10-14,OKC @ MIL,W,240,116,40,83,0.482,16,43,0.372,20,26,0.769,9,36,45,29,16,4,18,19,4.0
12025,1610612756,PHX,Phoenix Suns,0012500060,2025-10-14,PHX vs. LAL,W,240,113,47,102,0.461,16,42,0.381,3,8,0.375,13,25,38,27,12,3,10,23,9.0
12025,1610612757,POR,Portland Trail Blazers,0012500021,2025-10-14,POR vs. GSW,L,242,111,40,104,0.385,9,43,0.209,22,31,0.71,18,34,52,21,13,1,19,26,-7.0
12025,1610612738,BOS,Boston Celtics,0012500062,2025-10-15,BOS vs. TOR,W,241,110,36,93,0.387,15,52,0.288,23,27,0.852,16,41,57,24,10,12,18,20,2.0
12025,1610612766,CHA,Charlotte Hornets,0012500061,2025-10-15,CHA vs. MEM,W,239,145,51,100,0.51,20,50,0.4,23,30,0.767,19,37,56,35,9,3,14,12,29.0
12025,1610612742,DAL,Dallas Mavericks,0012500005,2025-10-15,DAL @ LAL,W,241,121,45,89,0.506,9,31,0.29,22,28,0.786,7,39,46,30,11,3,8,15,27.0
12025,1610612747,LAL,Los Angeles Lakers,0012500005,2025-10-15,LAL vs. DAL,L,240,94,34,86,0.395,12,41,0.293,14,18,0.778,9,37,46,24,4,8,17,21,-27.0
12025,1610612763,MEM,Memphis Grizzlies,0012500061,2025-10-15,MEM @ CHA,L,241,116,41,96,0.427,26,60,0.433,8,10,0.8,11,22,33,32,6,4,15,26,-29.0
12025,1610612758,SAC,Sacramento Kings,0012500022,2025-10-15,SAC vs. LAC,L,241,91,38,93,0.409,9,42,0.214,6,8,0.75,12,36,48,22,8,1,13,20,-18.0
12025,1610612761,TOR,Toronto Raptors,0012500062,2025-10-15,TOR @ BOS,L,239,108,40,99,0.404,12,36,0.333,16,18,0.889,16,39,55,31,8,7,16,22,-2.0
12025,1610612737,ATL,Atlanta Hawks,0012500024,2025-10-16,ATL vs. HOU,L,241,115,43,93,0.462,10,36,0.278,19,23,0.826,13,40,53,26,6,6,20,20,-18.0
12025,1610612741,CHI,Chicago Bulls,0012500064,2025-10-16,CHI vs. MIN,W,241,126,46,99,0.465,11,43,0.256,23,30,0.767,15,37,52,31,11,8,15,17,6.0
12025,1610612765,DET,Detroit Pistons,0012500063,2025-10-16,DET vs. WAS,W,240,119,45,84,0.536,15,36,0.417,14,17,0.824,7,35,42,35,13,12,14,25,21.0
12025,1610612745,HOU,Houston Rockets,0012500024,2025-10-16,HOU @ ATL,W,240,133,45,94,0.479,19,48,0.396,24,27,0.889,9,34,43,29,17,6,13,20,18.0
12025,1610612750,MIN,Minnesota Timberwolves,0012500064,2025-10-16,MIN @ CHI,L,240,120,49,100,0.49,13,31,0.419,9,18,0.5,14,33,47,31,10,4,20,26,-6.0
12025,1610612740,NOP,New Orleans Pelicans,0012500023,2025-10-16,NOP @ ORL,L,241,125,49,95,0.516,9,31,0.29,18,20,0.9,15,27,42,24,6,2,15,27,-7.0
12025,1610612753,ORL,Orlando Magic,0012500023,2025-10-16,ORL vs. NOP,W,240,132,45,81,0.556,14,31,0.452,28,35,0.8,12,26,38,33,6,7,15,22,7.0
12025,1610612757,POR,Portland Trail Blazers,0012500025,2025-10-16,POR @ UTA,L,240,129,40,90,0.444,21,54,0.389,28,34,0.824,15,30,45,28,11,7,19,38,-3.0
12025,1610612762,UTA,Utah Jazz,0012500025,2025-10-16,UTA vs. POR,W,242,132,41,86,0.477,14,38,0.368,36,43,0.837,13,30,43,30,9,5,15,21,3.0
12025,1610612764,WAS,Washington Wizards,0012500063,2025-10-16,WAS @ DET,L,240,98,32,87,0.368,8,33,0.242,26,31,0.839,16,32,48,19,5,4,19,17,-21.0
12025,1610612751,BKN,Brooklyn Nets,0012500065,2025-10-17,BKN @ TOR,L,239,114,38,82,0.463,15,40,0.375,23,29,0.793,14,32,46,28,5,3,23,28,-5.0
12025,1610612766,CHA,Charlotte Hornets,0012500066,2025-10-17,CHA @ NYK,L,240,108,39,83,0.47,14,41,0.341,16,22,0.727,10,31,41,30,9,3,21,20,-5.0
12025,1610612743,DEN,Denver Nuggets,0012500067,2025-10-17,DEN @ OKC,L,239,91,32,86,0.372,17,45,0.378,10,17,0.588,11,34,45,23,13,5,13,19,-3.0
12025,1610612744,GSW,Golden State Warriors,0012500069,2025-10-17,GSW vs. LAC,L,241,103,40,86,0.465,15,46,0.326,8,11,0.727,10,29,39,25,12,3,23,19,-3.0
12025,1610612754,IND,Indiana Pacers,0012500068,2025-10-17,IND @ SAS,L,240,104,39,94,0.415,12,44,0.273,14,15,0.933,15,23,38,26,9,6,19,28,-29.0
12025,1610612747,LAL,Los Angeles Lakers,0012500007,2025-10-17,LAL vs. SAC,L,238,116,39,86,0.453,17,43,0.395,21,29,0.724,8,25,33,28,10,3,9,21,-1.0
12025,1610612763,MEM,Memphis Grizzlies,0012500006,2025-10-17,MEM @ MIA,W,241,141,46,87,0.529,20,39,0.513,29,39,0.744,14,36,50,26,7,4,13,20,16.0
12025,1610612748,MIA,Miami Heat,0012500006,2025-10-17,MIA vs. MEM,L,239,125,46,91,0.505,13,33,0.394,20,25,0.8,10,28,38,29,5,2,14,27,-16.0
12025,1610612750,MIN,Minnesota Timberwolves,0012500071,2025-10-17,MIN @ PHI,L,240,110,37,80,0.463,10,35,0.286,26,32,0.813,8,31,39,22,9,5,22,20,-16.0
12025,1610612752,NYK,New York Knicks,0012500066,2025-10-17,NYK vs. CHA,W,239,113,41,92,0.446,18,48,0.375,13,18,0.722,14,30,44,28,11,4,15,20,5.0
12025,1610612760,OKC,Oklahoma City Thunder,0012500067,2025-10-17,OKC vs. DEN,W,239,94,34,84,0.405,15,53,0.283,11,13,0.846,8,41,49,22,8,5,17,15,3.0
12025,1610612755,PHI,Philadelphia 76ers,0012500071,2025-10-17,PHI vs. MIN,W,241,126,46,97,0.474,13,37,0.351,21,23,0.913,15,32,47,27,15,6,17,23,16.0
12025,1610612758,SAC,Sacramento Kings,0012500007,2025-10-17,SAC @ LAL,W,241,117,41,75,0.547,13,29,0.448,22,28,0.786,5,35,40,26,7,4,16,23,1.0
12025,1610612759,SAS,San Antonio Spurs,0012500068,2025-10-17,SAS vs. IND,W,241,133,47,87,0.54,14,35,0.4,25,30,0.833,12,30,42,31,9,10,15,19,29.0
12025,1610612761,TOR,Toronto Raptors,0012500065,2025-10-17,TOR vs. BKN,W,240,119,44,91,0.484,10,28,0.357,21,27,0.778,15,25,40,37,12,7,13,27,5.0
22025,1610612744,GSW,Golden State Warriors,0022500002,2025-10-21,GSW @ LAL,W,241,119,38,78,0.487,17,40,0.425,26,29,0.897,9,31,40,29,10,4,18,27,10.0
22025,1610612745,HOU,Houston Rockets,0022500001,2025-10-21,HOU @ OKC,L,292,124,43,97,0.443,11,39,0.282,27,31,0.871,16,36,52,23,6,5,22,26,-1.0
22025,1610612747,LAL,Los Angeles Lakers,0022500002,2025-10-21,LAL vs. GSW,L,240,109,42,77,0.545,8,32,0.25,17,28,0.607,7,32,39,23,7,2,19,21,-10.0
22025,1610612760,OKC,Oklahoma City Thunder,0022500001,2025-10-21,OKC vs. HOU,W,290,125,46,104,0.442,13,52,0.25,20,25,0.8,11,27,38,29,12,4,11,27,1.0
22025,1610612737,ATL,Atlanta Hawks,0022500082,2025-10-22,ATL vs. TOR,L,241,118,38,90,0.422,10,35,0.286,32,37,0.865,8,26,34,25,7,6,15,24,-20.0
22025,1610612738,BOS,Boston Celtics,0022500083,2025-10-22,BOS vs. PHI,L,239,116,41,91,0.451,11,43,0.256,23,26,0.885,10,32,42,16,7,4,11,28,-1.0
22025,1610612751,BKN,Brooklyn Nets,0022500080,2025-10-22,BKN @ CHA,L,239,117,39,88,0.443,14,40,0.35,25,34,0.735,12,26,38,25,8,3,17,28,-19.0
22025,1610612766,CHA,Charlotte Hornets,0022500080,2025-10-22,CHA vs. BKN,W,241,136,48,90,0.533,17,36,0.472,23,33,0.697,14,36,50,33,5,5,16,25,19.0
22025,1610612741,CHI,Chicago Bulls,0022500084,2025-10-22,CHI vs. DET,W,242,115,39,87,0.448,11,30,0.367,26,32,0.813,12,38,50,29,6,8,17,23,4.0
22025,1610612739,CLE,Cleveland Cavaliers,0022500003,2025-10-22,CLE @ NYK,L,239,111,40,86,0.465,19,46,0.413,12,18,0.667,4,28,32,21,8,4,15,25,-8.0
22025,1610612742,DAL,Dallas Mavericks,0022500004,2025-10-22,DAL vs. SAS,L,240,92,31,83,0.373,9,21,0.429,21,26,0.808,9,28,37,20,5,3,16,24,-33.0
22025,1610612765,DET,Detroit Pistons,0022500084,2025-10-22,DET @ CHI,L,239,111,43,97,0.443,7,24,0.292,18,26,0.692,13,33,46,29,8,10,10,29,-4.0
22025,1610612763,MEM,Memphis Grizzlies,0022500085,2025-10-22,MEM vs. NOP,W,240,128,41,80,0.513,11,37,0.297,35,43,0.814,6,33,39,20,5,12,17,29,6.0
22025,1610612748,MIA,Miami Heat,0022500081,2025-10-22,MIA @ ORL,L,240,121,44,91,0.484,12,35,0.343,21,27,0.778,10,37,47,26,9,4,17,28,-4.0
22025,1610612749,MIL,Milwaukee Bucks,0022500086,2025-10-22,MIL vs. WAS,W,240,133,50,98,0.51,18,44,0.409,15,19,0.789,6,40,46,31,8,6,8,22,13.0
22025,1610612750,MIN,Minnesota Timberwolves,0022500089,2025-10-22,MIN @ POR,W,239,118,42,86,0.488,15,30,0.5,19,24,0.792,10,35,45,21,10,10,19,29,4.0
22025,1610612740,NOP,New Orleans Pelicans,0022500085,2025-10-22,NOP @ MEM,L,240,122,45,98,0.459,10,27,0.37,22,31,0.71,17,30,47,20,10,4,14,30,-6.0
22025,1610612752,NYK,New York Knicks,0022500003,2025-10-22,NYK vs. CLE,W,241,119,37,86,0.43,14,40,0.35,31,36,0.861,9,39,48,22,8,4,13,23,8.0
22025,1610612753,ORL,Orlando Magic,0022500081,2025-10-22,ORL vs. MIA,W,242,125,42,90,0.467,12,30,0.4,29,35,0.829,9,37,46,23,8,7,15,20,4.0
22025,1610612755,PHI,Philadelphia 76ers,0022500083,2025-10-22,PHI @ BOS,W,240,117,39,85,0.459,16,40,0.4,23,30,0.767,10,30,40,23,3,4,14,23,1.0
22025,1610612756,PHX,Phoenix Suns,0022500088,2025-10-22,PHX vs. SAC,W,240,120,45,95,0.474,10,34,0.294,20,28,0.714,18,33,51,23,7,7,15,25,4.0
22025,1610612757,POR,Portland Trail Blazers,0022500089,2025-10-22,POR vs. MIN,L,241,114,36,90,0.4,13,42,0.31,29,35,0.829,7,32,39,25,10,3,15,17,-4.0
22025,1610612758,SAC,Sacramento Kings,0022500088,2025-10-22,SAC @ PHX,L,240,116,47,94,0.5,9,24,0.375,13,23,0.565,9,28,37,24,10,10,13,22,-4.0
22025,1610612759,SAS,San Antonio Spurs,0022500004,2025-10-22,SAS @ DAL,W,241,125,50,87,0.575,8,20,0.4,17,28,0.607,11,39,50,24,10,5,14,24,33.0
22025,1610612761,TOR,Toronto Raptors,0022500082,2025-10-22,TOR @ ATL,W,240,138,54,95,0.568,6,25,0.24,24,29,0.828,12,42,54,36,10,4,19,31,20.0
22025,1610612762,UTA,Utah Jazz,0022500087,2025-10-22,UTA vs. LAC,W,240,129,48,87,0.552,17,44,0.386,16,20,0.8,13,33,46,38,11,6,12,21,21.0
22025,1610612764,WAS,Washington Wizards,0022500086,2025-10-22,WAS @ MIL,L,241,120,46,98,0.469,17,42,0.405,11,19,0.579,13,43,56,23,5,4,13,19,-13.0
22025,1610612743,DEN,Denver Nuggets,0022500006,2025-10-23,DEN @ GSW,L,265,131,51,95,0.537,16,40,0.4,13,14,0.929,7,36,43,32,8,4,13,22,-6.0
22025,1610612744,GSW,Golden State Warriors,0022500006,2025-10-23,GSW vs. DEN,W,265,137,50,99,0.505,18,47,0.383,19,25,0.76,10,33,43,33,11,3,8,16,6.0
22025,1610612754,IND,Indiana Pacers,0022500005,2025-10-23,IND vs. OKC,L,290,135,46,105,0.438,13,43,0.302,30,40,0.75,11,44,55,21,6,4,14,37,-6.0
22025,1610612760,OKC,Oklahoma City Thunder,0022500005,2025-10-23,OKC @ IND,W,289,141,43,95,0.453,10,35,0.286,45,51,0.882,9,51,60,17,6,2,14,33,6.0
22025,1610612737,ATL,Atlanta Hawks,0022500090,2025-10-24,ATL @ ORL,W,242,111,41,85,0.482,8,29,0.276,21,28,0.75,9,31,40,26,9,5,16,21,4.0
22025,1610612738,BOS,Boston Celtics,0022500018,2025-10-24,BOS @ NYK,L,240,95,35,82,0.427,15,44,0.341,10,15,0.667,8,29,37,19,10,7,15,25,-10.0
22025,1610612751,BKN,Brooklyn Nets,0022500091,2025-10-24,BKN vs. CLE,L,238,124,49,96,0.51,19,45,0.422,7,7,1.0,10,28,38,30,9,0,19,28,-7.0
22025,1610612739,CLE,Cleveland Cavaliers,0022500091,2025-10-24,CLE @ BKN,W,239,131,44,82,0.537,18,42,0.429,25,35,0.714,9,27,36,32,14,5,17,18,7.0
22025,1610612742,DAL,Dallas Mavericks,0022500096,2025-10-24,DAL vs. WAS,L,238,107,38,88,0.432,10,34,0.294,21,27,0.778,9,39,48,23,11,5,21,19,-10.0
22025,1610612765,DET,Detroit Pistons,0022500093,2025-10-24,DET @ HOU,W,239,115,42,90,0.467,16,39,0.41,15,23,0.652,15,33,48,26,6,11,17,31,4.0
22025,1610612744,GSW,Golden State Warriors,0022500097,2025-10-24,GSW @ POR,L,241,119,35,80,0.438,16,38,0.421,33,39,0.846,12,29,41,24,12,3,25,22,-20.0
22025,1610612745,HOU,Houston Rockets,0022500093,2025-10-24,HOU vs. DET,L,239,111,32,83,0.386,10,22,0.455,37,48,0.771,17,28,45,15,14,2,13,24,-4.0
22025,1610612747,LAL,Los Angeles Lakers,0022500019,2025-10-24,LAL vs. MIN,W,241,128,45,76,0.592,12,29,0.414,26,32,0.813,7,31,38,26,6,3,10,20,18.0
22025,1610612763,MEM,Memphis Grizzlies,0022500094,2025-10-24,MEM vs. MIA,L,240,114,38,95,0.4,13,45,0.289,25,28,0.893,12,29,41,29,8,4,20,19,-32.0
22025,1610612748,MIA,Miami Heat,0022500094,2025-10-24,MIA @ MEM,W,242,146,55,102,0.539,19,40,0.475,17,22,0.773,17,40,57,34,15,4,19,25,32.0
22025,1610612749,MIL,Milwaukee Bucks,0022500092,2025-10-24,MIL @ TOR,W,241,122,47,90,0.522,14,40,0.35,14,25,0.56,14,37,51,25,9,5,18,24,6.0
22025,1610612750,MIN,Minnesota Timberwolves,0022500019,2025-10-24,MIN @ LAL,L,239,110,41,88,0.466,13,38,0.342,15,21,0.714,15,25,40,24,4,3,12,27,-18.0
22025,1610612740,NOP,New Orleans Pelicans,0022500095,2025-10-24,NOP vs. SAS,L,265,116,42,97,0.433,10,32,0.313,22,29,0.759,16,29,45,24,10,3,13,21,-4.0
22025,1610612752,NYK,New York Knicks,0022500018,2025-10-24,NYK vs. BOS,W,240,105,33,86,0.384,17,45,0.378,22,25,0.88,21,32,53,23,7,4,15,17,10.0
22025,1610612753,ORL,Orlando Magic,0022500090,2025-10-24,ORL vs. ATL,L,240,107,37,78,0.474,9,31,0.29,24,37,0.649,12,33,45,21,7,3,22,26,-4.0
22025,1610612756,PHX,Phoenix Suns,0022500099,2025-10-24,PHX @ LAC,L,241,102,37,90,0.411,16,47,0.34,12,15,0.8,15,22,37,23,12,4,18,25,-27.0
22025,1610612757,POR,Portland Trail Blazers,0022500097,2025-10-24,POR vs. GSW,W,241,139,50,93,0.538,16,34,0.471,23,25,0.92,10,28,38,30,13,5,18,28,20.0
22025,1610612758,SAC,Sacramento Kings,0022500098,2025-10-24,SAC vs. UTA,W,240,105,40,83,0.482,14,32,0.438,11,15,0.733,5,28,33,23,10,4,13,18,1.0
22025,1610612759,SAS,San Antonio Spurs,0022500095,2025-10-24,SAS @ NOP,W,264,120,45,98,0.459,13,43,0.302,17,26,0.654,20,39,59,25,6,13,18,27,4.0
22025,1610612761,TOR,Toronto Raptors,0022500092,2025-10-24,TOR vs. MIL,L,243,116,42,85,0.494,11,27,0.407,21,32,0.656,10,31,41,25,10,4,16,21,-6.0
22025,1610612762,UTA,Utah Jazz,0022500098,2025-10-24,UTA @ SAC,L,239,104,38,86,0.442,13,41,0.317,15,17,0.882,11,39,50,25,6,1,19,16,-1.0
22025,1610612764,WAS,Washington Wizards,0022500096,2025-10-24,WAS @ DAL,W,239,117,41,90,0.456,15,36,0.417,20,29,0.69,10,38,48,27,11,8,15,24,10.0
22025,1610612737,ATL,Atlanta Hawks,0022500101,2025-10-25,ATL vs. OKC,L,241,100,35,85,0.412,16,39,0.41,14,21,0.667,15,31,46,25,7,5,16,23,-17.0
22025,1610612766,CHA,Charlotte Hornets,0022500102,2025-10-25,CHA @ PHI,L,240,121,43,89,0.483,16,42,0.381,19,28,0.679,13,32,45,30,6,3,16,26,-4.0
22025,1610612741,CHI,Chicago Bulls,0022500100,2025-10-25,CHI @ ORL,W,240,110,39,83,0.47,10,27,0.37,22,29,0.759,9,37,46,26,13,2,18,26,12.0
22025,1610612743,DEN,Denver Nuggets,0022500104,2025-10-25,DEN vs. PHX,W,241,133,43,84,0.512,9,31,0.29,38,42,0.905,11,32,43,31,14,1,16,23,22.0
22025,1610612754,IND,Indiana Pacers,0022500103,2025-10-25,IND @ MEM,L,241,103,36,89,0.404,14,40,0.35,17,23,0.739,11,33,44,25,2,5,13,21,-25.0
22025,1610612763,MEM,Memphis Grizzlies,0022500103,2025-10-25,MEM vs. IND,W,241,128,44,97,0.454,15,39,0.385,25,32,0.781,10,39,49,31,6,4,4,22,25.0
22025,1610612760,OKC,Oklahoma City Thunder,0022500101,2025-10-25,OKC @ ATL,W,241,117,43,93,0.462,14,37,0.378,17,19,0.895,15,35,50,21,13,3,12,19,17.0
22025,1610612753,ORL,Orlando Magic,0022500100,2025-10-25,ORL vs. CHI,L,240,98,34,87,0.391,3,24,0.125,27,33,0.818,15,38,53,12,8,5,20,25,-12.0
22025,1610612755,PHI,Philadelphia 76ers,0022500102,2025-10-25,PHI vs. CHA,W,240,125,41,87,0.471,18,39,0.462,25,32,0.781,11,29,40,29,10,5,15,25,4.0
22025,1610612756,PHX,Phoenix Suns,0022500104,2025-10-25,PHX @ DEN,L,241,111,38,88,0.432,17,50,0.34,18,22,0.818,12,26,38,24,7,4,19,29,-22.0
22025,1610612738,BOS,Boston Celtics,0022500106,2025-10-26,BOS @ DET,L,238,113,40,94,0.426,15,45,0.333,18,24,0.75,12,26,38,17,11,8,12,26,-6.0
22025,1610612751,BKN,Brooklyn Nets,0022500105,2025-10-26,BKN @ SAS,L,240,107,34,87,0.391,16,50,0.32,23,24,0.958,11,23,34,22,9,0,11,30,-11.0
22025,1610612766,CHA,Charlotte Hornets,0022500109,2025-10-26,CHA @ WAS,W,239,139,47,92,0.511,15,38,0.395,30,36,0.833,11,41,52,30,12,4,11,16,26.0
22025,1610612739,CLE,Cleveland Cavaliers,0022500107,2025-10-26,CLE vs. MIL,W,239,118,39,87,0.448,12,40,0.3,28,35,0.8,10,34,44,23,10,2,16,23,5.0
22025,1610612742,DAL,Dallas Mavericks,0022500111,2025-10-26,DAL vs. TOR,W,241,139,50,85,0.588,10,26,0.385,29,39,0.744,12,37,49,32,12,7,20,26,10.0
22025,1610612765,DET,Detroit Pistons,0022500106,2025-10-26,DET vs. BOS,W,239,119,39,93,0.419,9,34,0.265,32,36,0.889,19,36,55,22,7,5,16,24,6.0
22025,1610612754,IND,Indiana Pacers,0022500110,2025-10-26,IND @ MIN,L,240,110,39,91,0.429,14,40,0.35,18,27,0.667,16,33,49,24,7,5,16,27,-4.0
22025,1610612747,LAL,Los Angeles Lakers,0022500113,2025-10-26,LAL @ SAC,W,241,127,39,80,0.488,8,25,0.32,41,46,0.891,10,37,47,26,9,3,17,17,7.0
22025,1610612748,MIA,Miami Heat,0022500108,2025-10-26,MIA vs. NYK,W,241,115,38,83,0.458,13,37,0.351,26,31,0.839,9,41,50,25,7,1,16,16,8.0
22025,1610612749,MIL,Milwaukee Bucks,0022500107,2025-10-26,MIL @ CLE,L,239,113,40,79,0.506,13,33,0.394,20,28,0.714,9,28,37,25,12,6,17,26,-5.0
22025,1610612750,MIN,Minnesota Timberwolves,0022500110,2025-10-26,MIN vs. IND,W,240,114,39,84,0.464,10,33,0.303,26,37,0.703,13,35,48,19,9,4,14,24,4.0
22025,1610612752,NYK,New York Knicks,0022500108,2025-10-26,NYK @ MIA,L,241,107,38,98,0.388,15,54,0.278,16,21,0.762,16,36,52,23,9,3,15,24,-8.0
22025,1610612757,POR,Portland Trail Blazers,0022500112,2025-10-26,POR @ LAC,L,239,107,34,92,0.37,11,41,0.268,28,34,0.824,18,24,42,24,12,2,16,21,-7.0
22025,1610612758,SAC,Sacramento Kings,0022500113,2025-10-26,SAC vs. LAL,L,240,120,45,101,0.446,18,43,0.419,12,18,0.667,13,27,40,27,13,4,15,26,-7.0
22025,1610612759,SAS,San Antonio Spurs,0022500105,2025-10-26,SAS vs. BKN,W,239,118,39,78,0.5,12,27,0.444,28,36,0.778,11,34,45,20,7,6,12,23,11.0
22025,1610612761,TOR,Toronto Raptors,0022500111,2025-10-26,TOR @ DAL,L,240,129,49,100,0.49,13,33,0.394,18,24,0.75,14,29,43,33,10,1,14,28,-10.0
22025,1610612764,WAS,Washington Wizards,0022500109,2025-10-26,WAS vs. CHA,L,240,113,41,91,0.451,10,34,0.294,21,25,0.84,7,33,40,25,5,4,15,27,-26.0
