SEASON_ID,GAME_ID,GAME_DATE,TEAM_ABBREVIATION,MATCHUP,HOME_AWAY,WL,PTS,PTS_AGAINST
2012-2013,2012020003,2013-01-19,CHI,CHI @ LAK,AWAY,W,5,2
2012-2013,2012020003,2013-01-19,LAK,LAK vs. CHI,HOME,L,2,5
2012-2013,2012020002,2013-01-19,OTT,OTT @ WPG,AWAY,W,4,1
2012-2013,2012020001,2013-01-19,PHI,PHI vs. PIT,HOME,L,1,3
2012-2013,2012020001,2013-01-19,PIT,PIT @ PHI,AWAY,W,3,1
2012-2013,2012020002,2013-01-19,WPG,WPG vs. OTT,HOME,L,1,4
2012-2013,2012020013,2013-01-20,ANA,ANA @ VAN,AWAY,W,7,3
2012-2013,2012020004,2013-01-20,BOS,BOS vs. NYR,HOME,W,3,1
2012-2013,2012020014,2013-01-20,BUF,BUF vs. PHI,HOME,W,5,2
2012-2013,2012020008,2013-01-20,CAR,CAR @ FLA,AWAY,L,1,5
2012-2013,2012020010,2013-01-20,CBJ,CBJ @ NSH,AWAY,W,3,2
2012-2013,2012020016,2013-01-20,CGY,CGY vs. SJS,HOME,L,1,4
2012-2013,2012020012,2013-01-20,COL,COL @ MIN,AWAY,L,2,4
2012-2013,2012020011,2013-01-20,DAL,DAL vs. PHX,HOME,W,4,3
2012-2013,2012020009,2013-01-20,DET,DET @ STL,AWAY,L,0,6
2012-2013,2012020008,2013-01-20,FLA,FLA vs. CAR,HOME,W,5,1
2012-2013,2012020012,2013-01-20,MIN,MIN vs. COL,HOME,W,4,2
2012-2013,2012020005,2013-01-20,MTL,MTL vs. TOR,HOME,L,1,2
2012-2013,2012020006,2013-01-20,NJD,NJD @ NYI,AWAY,W,2,1
2012-2013,2012020010,2013-01-20,NSH,NSH vs. CBJ,HOME,L,2,3
2012-2013,2012020006,2013-01-20,NYI,NYI vs. NJD,HOME,L,1,2
2012-2013,2012020004,2013-01-20,NYR,NYR @ BOS,AWAY,L,1,3
2012-2013,2012020014,2013-01-20,PHI,PHI @ BUF,AWAY,L,2,5
2012-2013,2012020011,2013-01-20,PHX,PHX @ DAL,AWAY,L,3,4
2012-2013,2012020016,2013-01-20,SJS,SJS @ CGY,AWAY,W,4,1
2012-2013,2012020009,2013-01-20,STL,STL vs. DET,HOME,W,6,0
2012-2013,2012020007,2013-01-20,TBL,TBL vs. WSH,HOME,W,6,3
2012-2013,2012020005,2013-01-20,TOR,TOR @ MTL,AWAY,W,2,1
2012-2013,2012020013,2013-01-20,VAN,VAN vs. ANA,HOME,L,3,7
2012-2013,2012020007,2013-01-20,WSH,WSH @ TBL,AWAY,L,3,6
2012-2013,2012020020,2013-01-21,BOS,BOS vs. WPG,HOME,W,2,1
2012-2013,2012020019,2013-01-21,CHI,CHI @ PHX,AWAY,W,6,4
2012-2013,2012020017,2013-01-21,DAL,DAL @ MIN,AWAY,L,0,1
2012-2013,2012020018,2013-01-21,EDM,EDM @ VAN,AWAY,W,3,2
2012-2013,2012020017,2013-01-21,MIN,MIN vs. DAL,HOME,W,1,0
2012-2013,2012020022,2013-01-21,NSH,NSH vs. STL,HOME,L,3,4
2012-2013,2012020021,2013-01-21,NYI,NYI vs. TBL,HOME,W,4,3
2012-2013,2012020015,2013-01-21,NYR,NYR vs. PIT,HOME,L,3,6
2012-2013,2012020019,2013-01-21,PHX,PHX vs. CHI,HOME,L,4,6
2012-2013,2012020015,2013-01-21,PIT,PIT @ NYR,AWAY,W,6,3
2012-2013,2012020022,2013-01-21,STL,STL @ NSH,AWAY,W,4,3
2012-2013,2012020021,2013-01-21,TBL,TBL @ NYI,AWAY,L,3,4
2012-2013,2012020018,2013-01-21,VAN,VAN vs. EDM,HOME,L,2,3
2012-2013,2012020020,2013-01-21,WPG,WPG @ BOS,AWAY,L,1,2
2012-2013,2012020026,2013-01-22,ANA,ANA @ CGY,AWAY,W,5,4
2012-2013,2012020023,2013-01-22,BUF,BUF @ TOR,AWAY,W,2,1
2012-2013,2012020025,2013-01-22,CBJ,CBJ vs. DET,HOME,L,3,4
2012-2013,2012020026,2013-01-22,CGY,CGY vs. ANA,HOME,L,4,5
2012-2013,2012020025,2013-01-22,DET,DET @ CBJ,AWAY,W,4,3
2012-2013,2012020024,2013-01-22,FLA,FLA @ OTT,AWAY,L,0,4
2012-2013,2012020024,2013-01-22,OTT,OTT vs. FLA,HOME,W,4,0
2012-2013,2012020023,2013-01-22,TOR,TOR vs. BUF,HOME,L,1,2
2012-2013,2012020028,2013-01-23,CAR,CAR vs. TBL,HOME,L,1,4
2012-2013,2012020033,2013-01-23,CHI,CHI vs. STL,HOME,W,3,2
2012-2013,2012020034,2013-01-23,COL,COL vs. LAK,HOME,W,3,1
2012-2013,2012020031,2013-01-23,DAL,DAL @ DET,AWAY,W,2,1
2012-2013,2012020031,2013-01-23,DET,DET vs. DAL,HOME,L,1,2
2012-2013,2012020035,2013-01-23,EDM,EDM vs. SJS,HOME,L,3,6
2012-2013,2012020029,2013-01-23,FLA,FLA @ MTL,AWAY,L,1,4
2012-2013,2012020034,2013-01-23,LAK,LAK @ COL,AWAY,L,1,3
2012-2013,2012020032,2013-01-23,MIN,MIN vs. NSH,HOME,L,1,3
2012-2013,2012020029,2013-01-23,MTL,MTL vs. FLA,HOME,W,4,1
2012-2013,2012020030,2013-01-23,NJD,NJD vs. PHI,HOME,W,3,0
2012-2013,2012020032,2013-01-23,NSH,NSH @ MIN,AWAY,W,3,1
2012-2013,2012020030,2013-01-23,PHI,PHI @ NJD,AWAY,L,0,3
2012-2013,2012020035,2013-01-23,SJS,SJS @ EDM,AWAY,W,6,3
2012-2013,2012020033,2013-01-23,STL,STL @ CHI,AWAY,L,2,3
2012-2013,2012020028,2013-01-23,TBL,TBL @ CAR,AWAY,W,4,1
2012-2013,2012020027,2013-01-23,WPG,WPG @ WSH,AWAY,W,4,2
2012-2013,2012020027,2013-01-23,WSH,WSH vs. WPG,HOME,L,2,4
2012-2013,2012020037,2013-01-24,BOS,BOS @ NYR,AWAY,L,3,4
2012-2013,2012020039,2013-01-24,CBJ,CBJ @ PHX,AWAY,L,1,5
2012-2013,2012020038,2013-01-24,CGY,CGY @ VAN,AWAY,L,2,3
2012-2013,2012020037,2013-01-24,NYR,NYR vs. BOS,HOME,W,4,3
2012-2013,2012020039,2013-01-24,PHX,PHX vs. CBJ,HOME,W,5,1
2012-2013,2012020036,2013-01-24,PIT,PIT vs. TOR,HOME,L,2,5
2012-2013,2012020036,2013-01-24,TOR,TOR @ PIT,AWAY,W,5,2
2012-2013,2012020038,2013-01-24,VAN,VAN vs. CGY,HOME,W,3,2
2012-2013,2012020043,2013-01-25,BUF,BUF @ CAR,AWAY,L,3,6
2012-2013,2012020043,2013-01-25,CAR,CAR vs. BUF,HOME,W,6,3
2012-2013,2012020047,2013-01-25,CBJ,CBJ @ COL,AWAY,L,0,4
2012-2013,2012020046,2013-01-25,CHI,CHI @ DAL,AWAY,W,3,2
2012-2013,2012020047,2013-01-25,COL,COL vs. CBJ,HOME,W,4,0
2012-2013,2012020046,2013-01-25,DAL,DAL vs. CHI,HOME,L,2,3
2012-2013,2012020048,2013-01-25,EDM,EDM vs. LAK,HOME,W,2,1
2012-2013,2012020044,2013-01-25,FLA,FLA vs. OTT,HOME,L,1,3
2012-2013,2012020048,2013-01-25,LAK,LAK @ EDM,AWAY,L,1,2
2012-2013,2012020042,2013-01-25,MTL,MTL @ WSH,AWAY,W,4,1
2012-2013,2012020045,2013-01-25,NSH,NSH @ STL,AWAY,L,0,3
2012-2013,2012020040,2013-01-25,NYI,NYI @ TOR,AWAY,W,7,4
2012-2013,2012020041,2013-01-25,NYR,NYR @ PHI,AWAY,L,1,2
2012-2013,2012020044,2013-01-25,OTT,OTT @ FLA,AWAY,W,3,1
2012-2013,2012020041,2013-01-25,PHI,PHI vs. NYR,HOME,W,2,1
2012-2013,2012020049,2013-01-25,PHX,PHX @ SJS,AWAY,L,3,5
2012-2013,2012020049,2013-01-25,SJS,SJS vs. PHX,HOME,W,5,3
2012-2013,2012020045,2013-01-25,STL,STL vs. NSH,HOME,W,3,0
2012-2013,2012020040,2013-01-25,TOR,TOR vs. NYI,HOME,L,4,7
2012-2013,2012020042,2013-01-25,WSH,WSH vs. MTL,HOME,L,1,4
2012-2013,2012020056,2013-01-26,ANA,ANA vs. VAN,HOME,L,0,5
2012-2013,2012020050,2013-01-26,BOS,BOS vs. NYI,HOME,W,4,2
2012-2013,2012020051,2013-01-26,BUF,BUF vs. CAR,HOME,L,1,3
2012-2013,2012020051,2013-01-26,CAR,CAR @ BUF,AWAY,W,3,1
2012-2013,2012020057,2013-01-26,COL,COL @ SJS,AWAY,L,0,4
2012-2013,2012020054,2013-01-26,DET,DET vs. MIN,HOME,W,5,3
2012-2013,2012020054,2013-01-26,MIN,MIN @ DET,AWAY,L,3,5
2012-2013,2012020052,2013-01-26,NJD,NJD vs. WSH,HOME,W,3,2
2012-2013,2012020050,2013-01-26,NYI,NYI @ BOS,AWAY,L,2,4
2012-2013,2012020053,2013-01-26,OTT,OTT @ TBL,AWAY,L,4,6
2012-2013,2012020055,2013-01-26,PIT,PIT @ WPG,AWAY,L,2,4
2012-2013,2012020057,2013-01-26,SJS,SJS vs. COL,HOME,W,4,0
2012-2013,2012020053,2013-01-26,TBL,TBL vs. OTT,HOME,W,6,4
2012-2013,2012020056,2013-01-26,VAN,VAN @ ANA,AWAY,W,5,0
2012-2013,2012020055,2013-01-26,WPG,WPG vs. PIT,HOME,W,4,2
2012-2013,2012020052,2013-01-26,WSH,WSH @ NJD,AWAY,L,2,3
2012-2013,2012020064,2013-01-27,ANA,ANA vs. NSH,HOME,W,3,2
2012-2013,2012020065,2013-01-27,BUF,BUF @ WSH,AWAY,L,2,3
2012-2013,2012020059,2013-01-27,CBJ,CBJ vs. CHI,HOME,L,2,3
2012-2013,2012020063,2013-01-27,CGY,CGY vs. EDM,HOME,W,4,3
2012-2013,2012020059,2013-01-27,CHI,CHI @ CBJ,AWAY,W,3,2
2012-2013,2012020061,2013-01-27,DAL,DAL vs. STL,HOME,L,3,4
2012-2013,2012020063,2013-01-27,EDM,EDM @ CGY,AWAY,L,3,4
2012-2013,2012020060,2013-01-27,FLA,FLA vs. PHI,HOME,L,1,7
2012-2013,2012020062,2013-01-27,LAK,LAK @ PHX,AWAY,W,4,2
2012-2013,2012020067,2013-01-27,MTL,MTL vs. NJD,HOME,W,4,3
2012-2013,2012020067,2013-01-27,NJD,NJD @ MTL,AWAY,L,3,4
2012-2013,2012020064,2013-01-27,NSH,NSH @ ANA,AWAY,L,2,3
2012-2013,2012020058,2013-01-27,NYR,NYR vs. TOR,HOME,W,5,2
2012-2013,2012020066,2013-01-27,OTT,OTT vs. PIT,HOME,L,1,2
2012-2013,2012020060,2013-01-27,PHI,PHI @ FLA,AWAY,W,7,1
2012-2013,2012020068,2013-01-27,PHI,PHI @ TBL,AWAY,L,1,5
2012-2013,2012020062,2013-01-27,PHX,PHX vs. LAK,HOME,L,2,4
2012-2013,2012020066,2013-01-27,PIT,PIT @ OTT,AWAY,W,2,1
2012-2013,2012020061,2013-01-27,STL,STL @ DAL,AWAY,W,4,3
2012-2013,2012020068,2013-01-27,TBL,TBL vs. PHI,HOME,W,5,1
2012-2013,2012020058,2013-01-27,TOR,TOR @ NYR,AWAY,L,2,5
2012-2013,2012020065,2013-01-27,WSH,WSH vs. BUF,HOME,W,3,2
2012-2013,2012020069,2013-01-28,CHI,CHI vs. DET,HOME,W,2,1
2012-2013,2012020069,2013-01-28,DET,DET @ CHI,AWAY,L,1,2
2012-2013,2012020071,2013-01-28,MIN,MIN @ STL,AWAY,L,4,5
2012-2013,2012020070,2013-01-28,NYI,NYI @ WPG,AWAY,L,4,5
2012-2013,2012020072,2013-01-28,SJS,SJS vs. VAN,HOME,W,4,1
2012-2013,2012020071,2013-01-28,STL,STL vs. MIN,HOME,W,5,4
2012-2013,2012020072,2013-01-28,VAN,VAN @ SJS,AWAY,L,1,4
2012-2013,2012020070,2013-01-28,WPG,WPG vs. NYI,HOME,W,5,4
2012-2013,2012020073,2013-01-29,BOS,BOS @ CAR,AWAY,W,5,3
2012-2013,2012020073,2013-01-29,CAR,CAR vs. BOS,HOME,L,3,5
2012-2013,2012020074,2013-01-29,CBJ,CBJ vs. DAL,HOME,W,2,1
2012-2013,2012020076,2013-01-29,COL,COL @ EDM,AWAY,L,1,4
2012-2013,2012020074,2013-01-29,DAL,DAL @ CBJ,AWAY,L,1,2
2012-2013,2012020076,2013-01-29,EDM,EDM vs. COL,HOME,W,4,1
2012-2013,2012020077,2013-01-29,LAK,LAK vs. VAN,HOME,W,3,2
2012-2013,2012020075,2013-01-29,NSH,NSH @ PHX,AWAY,L,0,4
2012-2013,2012020075,2013-01-29,PHX,PHX vs. NSH,HOME,W,4,0
2012-2013,2012020077,2013-01-29,VAN,VAN @ LAK,AWAY,L,2,3
2012-2013,2012020087,2013-01-30,ANA,ANA @ SJS,AWAY,L,2,3
2012-2013,2012020078,2013-01-30,BOS,BOS vs. NJD,HOME,W,2,1
2012-2013,2012020079,2013-01-30,BUF,BUF vs. TOR,HOME,L,3,4
2012-2013,2012020086,2013-01-30,CBJ,CBJ @ MIN,AWAY,L,2,3
2012-2013,2012020085,2013-01-30,DAL,DAL @ DET,AWAY,L,1,4
2012-2013,2012020085,2013-01-30,DET,DET vs. DAL,HOME,W,4,1
2012-2013,2012020084,2013-01-30,FLA,FLA @ TBL,AWAY,L,2,5
2012-2013,2012020086,2013-01-30,MIN,MIN vs. CBJ,HOME,W,3,2
2012-2013,2012020081,2013-01-30,MTL,MTL vs. WPG,HOME,W,4,3
2012-2013,2012020078,2013-01-30,NJD,NJD @ BOS,AWAY,L,1,2
2012-2013,2012020083,2013-01-30,NYI,NYI @ PIT,AWAY,W,4,1
2012-2013,2012020080,2013-01-30,NYR,NYR vs. PHI,HOME,W,2,1
2012-2013,2012020082,2013-01-30,OTT,OTT vs. WSH,HOME,W,3,2
2012-2013,2012020080,2013-01-30,PHI,PHI @ NYR,AWAY,L,1,2
2012-2013,2012020083,2013-01-30,PIT,PIT vs. NYI,HOME,L,1,4
2012-2013,2012020087,2013-01-30,SJS,SJS vs. ANA,HOME,W,3,2
2012-2013,2012020084,2013-01-30,TBL,TBL vs. FLA,HOME,W,5,2
2012-2013,2012020079,2013-01-30,TOR,TOR @ BUF,AWAY,W,4,3
2012-2013,2012020081,2013-01-30,WPG,WPG @ MTL,AWAY,L,3,4
2012-2013,2012020082,2013-01-30,WSH,WSH @ OTT,AWAY,L,2,3
2012-2013,2012020089,2013-01-31,CHI,CHI @ MIN,AWAY,L,2,3
2012-2013,2012020091,2013-01-31,COL,COL @ VAN,AWAY,L,0,3
2012-2013,2012020090,2013-01-31,EDM,EDM @ PHX,AWAY,W,2,1
2012-2013,2012020089,2013-01-31,MIN,MIN vs. CHI,HOME,W,3,2
2012-2013,2012020088,2013-01-31,MTL,MTL @ OTT,AWAY,L,1,5
2012-2013,2012020088,2013-01-31,OTT,OTT vs. MTL,HOME,W,5,1
2012-2013,2012020090,2013-01-31,PHX,PHX vs. EDM,HOME,L,1,2
2012-2013,2012020091,2013-01-31,VAN,VAN vs. COL,HOME,W,3,0
2012-2013,2012020092,2013-02-01,BOS,BOS vs. BUF,HOME,L,4,7
2012-2013,2012020092,2013-02-01,BUF,BUF @ BOS,AWAY,W,7,4
2012-2013,2012020096,2013-02-01,CBJ,CBJ vs. STL,HOME,L,1,4
2012-2013,2012020098,2013-02-01,CGY,CGY vs. COL,HOME,L,3,6
2012-2013,2012020098,2013-02-01,COL,COL @ CGY,AWAY,W,6,3
2012-2013,2012020100,2013-02-01,EDM,EDM @ SJS,AWAY,L,2,3
2012-2013,2012020097,2013-02-01,FLA,FLA vs. WPG,HOME,W,6,3
2012-2013,2012020099,2013-02-01,LAK,LAK vs. NSH,HOME,L,1,2
2012-2013,2012020094,2013-02-01,NJD,NJD vs. NYI,HOME,L,4,5
2012-2013,2012020099,2013-02-01,NSH,NSH @ LAK,AWAY,W,2,1
2012-2013,2012020094,2013-02-01,NYI,NYI @ NJD,AWAY,W,5,4
2012-2013,2012020095,2013-02-01,NYR,NYR vs. PIT,HOME,L,0,3
2012-2013,2012020095,2013-02-01,PIT,PIT @ NYR,AWAY,W,3,0
2012-2013,2012020100,2013-02-01,SJS,SJS vs. EDM,HOME,W,3,2
2012-2013,2012020096,2013-02-01,STL,STL @ CBJ,AWAY,W,4,1
2012-2013,2012020093,2013-02-01,TOR,TOR vs. WSH,HOME,W,3,2
2012-2013,2012020097,2013-02-01,WPG,WPG @ FLA,AWAY,L,3,6
2012-2013,2012020093,2013-02-01,WSH,WSH @ TOR,AWAY,L,2,3
2012-2013,2012020107,2013-02-02,ANA,ANA vs. MIN,HOME,W,3,1
2012-2013,2012020109,2013-02-02,BUF,BUF @ MTL,AWAY,L,1,6
2012-2013,2012020102,2013-02-02,CAR,CAR vs. OTT,HOME,W,1,0
2012-2013,2012020106,2013-02-02,CHI,CHI @ VAN,AWAY,L,1,2
2012-2013,2012020110,2013-02-02,COL,COL vs. EDM,HOME,W,3,1
2012-2013,2012020105,2013-02-02,DAL,DAL vs. PHX,HOME,W,4,3
2012-2013,2012020104,2013-02-02,DET,DET vs. STL,HOME,W,5,3
2012-2013,2012020110,2013-02-02,EDM,EDM @ COL,AWAY,L,1,3
2012-2013,2012020107,2013-02-02,MIN,MIN @ ANA,AWAY,L,1,3
2012-2013,2012020109,2013-02-02,MTL,MTL vs. BUF,HOME,W,6,1
2012-2013,2012020108,2013-02-02,NJD,NJD @ PIT,AWAY,L,1,5
2012-2013,2012020102,2013-02-02,OTT,OTT @ CAR,AWAY,L,0,1
2012-2013,2012020101,2013-02-02,PHI,PHI @ WSH,AWAY,L,2,3
2012-2013,2012020105,2013-02-02,PHX,PHX @ DAL,AWAY,L,3,4
2012-2013,2012020108,2013-02-02,PIT,PIT vs. NJD,HOME,W,5,1
2012-2013,2012020104,2013-02-02,STL,STL @ DET,AWAY,L,3,5
2012-2013,2012020103,2013-02-02,TBL,TBL vs. WPG,HOME,W,8,3
2012-2013,2012020106,2013-02-02,VAN,VAN vs. CHI,HOME,W,2,1
2012-2013,2012020103,2013-02-02,WPG,WPG @ TBL,AWAY,L,3,8
2012-2013,2012020101,2013-02-02,WSH,WSH vs. PHI,HOME,W,3,2
2012-2013,2012020117,2013-02-03,ANA,ANA vs. LAK,HOME,W,7,4
2012-2013,2012020111,2013-02-03,BOS,BOS @ TOR,AWAY,W,1,0
2012-2013,2012020121,2013-02-03,BUF,BUF vs. FLA,HOME,L,3,4
2012-2013,2012020112,2013-02-03,CAR,CAR @ PHI,AWAY,L,3,5
2012-2013,2012020114,2013-02-03,CBJ,CBJ vs. DET,HOME,W,4,2
2012-2013,2012020116,2013-02-03,CGY,CGY vs. CHI,HOME,L,2,3
2012-2013,2012020116,2013-02-03,CHI,CHI @ CGY,AWAY,W,3,2
2012-2013,2012020115,2013-02-03,DAL,DAL @ PHX,AWAY,L,0,2
2012-2013,2012020114,2013-02-03,DET,DET @ CBJ,AWAY,L,2,4
2012-2013,2012020121,2013-02-03,FLA,FLA @ BUF,AWAY,W,4,3
2012-2013,2012020117,2013-02-03,LAK,LAK @ ANA,AWAY,L,4,7
2012-2013,2012020120,2013-02-03,MTL,MTL vs. OTT,HOME,W,2,1
2012-2013,2012020122,2013-02-03,NJD,NJD @ NYI,AWAY,W,3,0
2012-2013,2012020118,2013-02-03,NSH,NSH @ SJS,AWAY,W,2,1
2012-2013,2012020122,2013-02-03,NYI,NYI vs. NJD,HOME,L,0,3
2012-2013,2012020113,2013-02-03,NYR,NYR @ TBL,AWAY,W,3,2
2012-2013,2012020120,2013-02-03,OTT,OTT @ MTL,AWAY,L,1,2
2012-2013,2012020112,2013-02-03,PHI,PHI vs. CAR,HOME,W,5,3
2012-2013,2012020115,2013-02-03,PHX,PHX vs. DAL,HOME,W,2,0
2012-2013,2012020119,2013-02-03,PIT,PIT @ WSH,AWAY,W,6,3
2012-2013,2012020118,2013-02-03,SJS,SJS vs. NSH,HOME,L,1,2
2012-2013,2012020113,2013-02-03,TBL,TBL vs. NYR,HOME,L,2,3
2012-2013,2012020111,2013-02-03,TOR,TOR vs. BOS,HOME,L,0,1
2012-2013,2012020119,2013-02-03,WSH,WSH vs. PIT,HOME,L,3,6
2012-2013,2012020127,2013-02-05,ANA,ANA vs. SJS,HOME,W,2,1
2012-2013,2012020123,2013-02-05,CAR,CAR @ TOR,AWAY,W,4,1
2012-2013,2012020124,2013-02-05,COL,COL vs. DAL,HOME,L,2,3
2012-2013,2012020124,2013-02-05,DAL,DAL @ COL,AWAY,W,3,2
2012-2013,2012020126,2013-02-05,EDM,EDM vs. VAN,HOME,L,2,3
2012-2013,2012020125,2013-02-05,MIN,MIN @ PHX,AWAY,L,1,2
2012-2013,2012020125,2013-02-05,PHX,PHX vs. MIN,HOME,W,2,1
2012-2013,2012020127,2013-02-05,SJS,SJS @ ANA,AWAY,L,1,2
2012-2013,2012020123,2013-02-05,TOR,TOR vs. CAR,HOME,L,1,4
2012-2013,2012020126,2013-02-05,VAN,VAN @ EDM,AWAY,W,3,2
2012-2013,2012020132,2013-02-06,BUF,BUF @ OTT,AWAY,L,3,4
2012-2013,2012020131,2013-02-06,CBJ,CBJ vs. LAK,HOME,L,2,4
2012-2013,2012020134,2013-02-06,CGY,CGY @ DET,AWAY,W,4,1
2012-2013,2012020137,2013-02-06,CHI,CHI @ SJS,AWAY,W,5,3
2012-2013,2012020134,2013-02-06,DET,DET vs. CGY,HOME,L,1,4
2012-2013,2012020135,2013-02-06,FLA,FLA @ WPG,AWAY,L,2,3
2012-2013,2012020131,2013-02-06,LAK,LAK @ CBJ,AWAY,W,4,2
2012-2013,2012020128,2013-02-06,NJD,NJD vs. NYR,HOME,W,3,1
2012-2013,2012020136,2013-02-06,NSH,NSH @ STL,AWAY,W,6,1
2012-2013,2012020129,2013-02-06,NYI,NYI vs. PIT,HOME,L,2,4
2012-2013,2012020128,2013-02-06,NYR,NYR @ NJD,AWAY,L,1,3
2012-2013,2012020132,2013-02-06,OTT,OTT vs. BUF,HOME,W,4,3
2012-2013,2012020133,2013-02-06,PHI,PHI vs. TBL,HOME,W,2,1
2012-2013,2012020129,2013-02-06,PIT,PIT @ NYI,AWAY,W,4,2
2012-2013,2012020137,2013-02-06,SJS,SJS vs. CHI,HOME,L,3,5
2012-2013,2012020136,2013-02-06,STL,STL vs. NSH,HOME,L,1,6
2012-2013,2012020133,2013-02-06,TBL,TBL @ PHI,AWAY,L,1,2
2012-2013,2012020130,2013-02-06,TOR,TOR @ WSH,AWAY,W,3,2
2012-2013,2012020135,2013-02-06,WPG,WPG vs. FLA,HOME,W,3,2
2012-2013,2012020130,2013-02-06,WSH,WSH vs. TOR,HOME,L,2,3
2012-2013,2012020139,2013-02-07,ANA,ANA @ COL,AWAY,W,3,0
2012-2013,2012020138,2013-02-07,BOS,BOS @ MTL,AWAY,W,2,1
2012-2013,2012020139,2013-02-07,COL,COL vs. ANA,HOME,L,0,3
2012-2013,2012020140,2013-02-07,DAL,DAL @ EDM,AWAY,W,3,2
2012-2013,2012020140,2013-02-07,EDM,EDM vs. DAL,HOME,L,2,3
2012-2013,2012020138,2013-02-07,MTL,MTL vs. BOS,HOME,L,1,2
2012-2013,2012020141,2013-02-08,BUF,BUF vs. MTL,HOME,W,5,4
2012-2013,2012020147,2013-02-08,CAR,CAR @ OTT,AWAY,W,3,2
2012-2013,2012020146,2013-02-08,CBJ,CBJ vs. CGY,HOME,L,3,4
2012-2013,2012020146,2013-02-08,CGY,CGY @ CBJ,AWAY,W,4,3
2012-2013,2012020152,2013-02-08,CHI,CHI @ PHX,AWAY,W,6,2
2012-2013,2012020149,2013-02-08,DET,DET @ STL,AWAY,W,5,1
2012-2013,2012020144,2013-02-08,FLA,FLA @ PHI,AWAY,W,3,2
2012-2013,2012020150,2013-02-08,LAK,LAK @ NSH,AWAY,L,0,3
2012-2013,2012020151,2013-02-08,MIN,MIN vs. VAN,HOME,L,1,4
2012-2013,2012020141,2013-02-08,MTL,MTL @ BUF,AWAY,L,4,5
2012-2013,2012020142,2013-02-08,NJD,NJD vs. TBL,HOME,W,4,2
2012-2013,2012020150,2013-02-08,NSH,NSH vs. LAK,HOME,W,3,0
2012-2013,2012020143,2013-02-08,NYI,NYI @ NYR,AWAY,L,1,4
2012-2013,2012020143,2013-02-08,NYR,NYR vs. NYI,HOME,W,4,1
2012-2013,2012020147,2013-02-08,OTT,OTT vs. CAR,HOME,L,2,3
2012-2013,2012020144,2013-02-08,PHI,PHI vs. FLA,HOME,L,2,3
2012-2013,2012020152,2013-02-08,PHX,PHX vs. CHI,HOME,L,2,6
2012-2013,2012020145,2013-02-08,PIT,PIT vs. WSH,HOME,W,5,2
2012-2013,2012020149,2013-02-08,STL,STL vs. DET,HOME,L,1,5
2012-2013,2012020142,2013-02-08,TBL,TBL @ NJD,AWAY,L,2,4
2012-2013,2012020148,2013-02-08,TOR,TOR @ WPG,AWAY,W,3,2
2012-2013,2012020151,2013-02-08,VAN,VAN @ MIN,AWAY,W,4,1
2012-2013,2012020148,2013-02-08,WPG,WPG vs. TOR,HOME,L,2,3
2012-2013,2012020145,2013-02-08,WSH,WSH @ PIT,AWAY,L,2,5
2012-2013,2012020153,2013-02-09,ANA,ANA @ DAL,AWAY,L,1,3
2012-2013,2012020156,2013-02-09,CAR,CAR @ PHI,AWAY,L,3,4
2012-2013,2012020153,2013-02-09,DAL,DAL vs. ANA,HOME,W,3,1
2012-2013,2012020158,2013-02-09,DET,DET vs. EDM,HOME,W,2,1
2012-2013,2012020158,2013-02-09,EDM,EDM @ DET,AWAY,L,1,2
2012-2013,2012020155,2013-02-09,NJD,NJD vs. PIT,HOME,W,3,1
2012-2013,2012020157,2013-02-09,OTT,OTT vs. WPG,HOME,L,0,1
2012-2013,2012020156,2013-02-09,PHI,PHI vs. CAR,HOME,W,4,3
2012-2013,2012020159,2013-02-09,PHX,PHX @ SJS,AWAY,W,1,0
2012-2013,2012020155,2013-02-09,PIT,PIT @ NJD,AWAY,L,1,3
2012-2013,2012020159,2013-02-09,SJS,SJS vs. PHX,HOME,L,0,1
2012-2013,2012020157,2013-02-09,WPG,WPG @ OTT,AWAY,W,1,0
2012-2013,2012020163,2013-02-10,ANA,ANA @ STL,AWAY,W,6,5
2012-2013,2012020161,2013-02-10,BUF,BUF @ NYI,AWAY,W,3,2
2012-2013,2012020167,2013-02-10,CBJ,CBJ vs. EDM,HOME,L,1,3
2012-2013,2012020165,2013-02-10,CGY,CGY @ VAN,AWAY,L,1,5
2012-2013,2012020166,2013-02-10,DET,DET vs. LAK,HOME,W,3,2
2012-2013,2012020167,2013-02-10,EDM,EDM @ CBJ,AWAY,W,3,1
2012-2013,2012020162,2013-02-10,FLA,FLA @ WSH,AWAY,L,0,5
2012-2013,2012020166,2013-02-10,LAK,LAK @ DET,AWAY,L,2,3
2012-2013,2012020164,2013-02-10,MIN,MIN vs. NSH,HOME,W,2,1
2012-2013,2012020160,2013-02-10,MTL,MTL vs. TOR,HOME,L,0,6
2012-2013,2012020164,2013-02-10,NSH,NSH @ MIN,AWAY,L,1,2
2012-2013,2012020161,2013-02-10,NYI,NYI vs. BUF,HOME,L,2,3
2012-2013,2012020163,2013-02-10,STL,STL vs. ANA,HOME,L,5,6
2012-2013,2012020160,2013-02-10,TOR,TOR @ MTL,AWAY,W,6,0
2012-2013,2012020165,2013-02-10,VAN,VAN vs. CGY,HOME,W,5,1
2012-2013,2012020162,2013-02-10,WSH,WSH vs. FLA,HOME,W,5,0
2012-2013,2012020168,2013-02-11,BOS,BOS @ BUF,AWAY,W,3,1
2012-2013,2012020168,2013-02-11,BUF,BUF vs. BOS,HOME,L,1,3
2012-2013,2012020171,2013-02-11,CHI,CHI @ NSH,AWAY,W,3,0
2012-2013,2012020170,2013-02-11,NJD,NJD @ PIT,AWAY,W,3,1
2012-2013,2012020171,2013-02-11,NSH,NSH vs. CHI,HOME,L,0,3
2012-2013,2012020169,2013-02-11,NYR,NYR vs. TBL,HOME,W,5,1
2012-2013,2012020170,2013-02-11,PIT,PIT vs. NJD,HOME,L,1,3
2012-2013,2012020169,2013-02-11,TBL,TBL @ NYR,AWAY,L,1,5
2012-2013,2012020173,2013-02-12,CAR,CAR @ NYI,AWAY,W,6,4
2012-2013,2012020174,2013-02-12,CBJ,CBJ vs. SJS,HOME,W,6,2
2012-2013,2012020177,2013-02-12,CGY,CGY vs. MIN,HOME,L,1,2
2012-2013,2012020176,2013-02-12,COL,COL vs. PHX,HOME,L,2,3
2012-2013,2012020175,2013-02-12,LAK,LAK @ STL,AWAY,W,4,1
2012-2013,2012020177,2013-02-12,MIN,MIN @ CGY,AWAY,W,2,1
2012-2013,2012020173,2013-02-12,NYI,NYI vs. CAR,HOME,L,4,6
2012-2013,2012020172,2013-02-12,PHI,PHI @ TOR,AWAY,L,2,5
2012-2013,2012020176,2013-02-12,PHX,PHX @ COL,AWAY,W,3,2
2012-2013,2012020174,2013-02-12,SJS,SJS @ CBJ,AWAY,L,2,6
2012-2013,2012020175,2013-02-12,STL,STL vs. LAK,HOME,L,1,4
2012-2013,2012020172,2013-02-12,TOR,TOR vs. PHI,HOME,W,5,2
2012-2013,2012020185,2013-02-13,ANA,ANA @ CHI,AWAY,W,3,2
2012-2013,2012020179,2013-02-13,BOS,BOS vs. NYR,HOME,L,3,4
2012-2013,2012020180,2013-02-13,BUF,BUF @ OTT,AWAY,L,0,2
2012-2013,2012020178,2013-02-13,CAR,CAR @ NJD,AWAY,W,4,2
2012-2013,2012020185,2013-02-13,CHI,CHI vs. ANA,HOME,L,2,3
2012-2013,2012020186,2013-02-13,DAL,DAL @ EDM,AWAY,W,4,1
2012-2013,2012020186,2013-02-13,EDM,EDM vs. DAL,HOME,L,1,4
2012-2013,2012020182,2013-02-13,FLA,FLA vs. WSH,HOME,L,5,6
2012-2013,2012020187,2013-02-13,MIN,MIN @ VAN,AWAY,L,1,2
2012-2013,2012020181,2013-02-13,MTL,MTL @ TBL,AWAY,W,4,3
2012-2013,2012020178,2013-02-13,NJD,NJD vs. CAR,HOME,L,2,4
2012-2013,2012020184,2013-02-13,NSH,NSH vs. SJS,HOME,W,1,0
2012-2013,2012020179,2013-02-13,NYR,NYR @ BOS,AWAY,W,4,3
2012-2013,2012020180,2013-02-13,OTT,OTT vs. BUF,HOME,W,2,0
2012-2013,2012020183,2013-02-13,PHI,PHI @ WPG,AWAY,W,3,2
2012-2013,2012020184,2013-02-13,SJS,SJS @ NSH,AWAY,L,0,1
2012-2013,2012020181,2013-02-13,TBL,TBL vs. MTL,HOME,L,3,4
2012-2013,2012020187,2013-02-13,VAN,VAN vs. MIN,HOME,W,2,1
2012-2013,2012020183,2013-02-13,WPG,WPG vs. PHI,HOME,L,2,3
2012-2013,2012020182,2013-02-13,WSH,WSH @ FLA,AWAY,W,6,5
2012-2013,2012020190,2013-02-14,CGY,CGY vs. DAL,HOME,W,7,4
2012-2013,2012020190,2013-02-14,DAL,DAL @ CGY,AWAY,L,4,7
2012-2013,2012020189,2013-02-14,DET,DET vs. STL,HOME,L,3,4
2012-2013,2012020188,2013-02-14,OTT,OTT @ PIT,AWAY,L,2,4
2012-2013,2012020188,2013-02-14,PIT,PIT vs. OTT,HOME,W,4,2
2012-2013,2012020189,2013-02-14,STL,STL @ DET,AWAY,W,4,3
2012-2013,2012020192,2013-02-15,CAR,CAR vs. TOR,HOME,W,3,1
2012-2013,2012020196,2013-02-15,COL,COL @ MIN,AWAY,W,4,3
2012-2013,2012020194,2013-02-15,FLA,FLA vs. MTL,HOME,L,0,1
2012-2013,2012020196,2013-02-15,MIN,MIN vs. COL,HOME,L,3,4
2012-2013,2012020194,2013-02-15,MTL,MTL @ FLA,AWAY,W,1,0
2012-2013,2012020195,2013-02-15,NSH,NSH vs. PHX,HOME,W,3,0
2012-2013,2012020191,2013-02-15,NYI,NYI @ NYR,AWAY,W,4,3
2012-2013,2012020191,2013-02-15,NYR,NYR vs. NYI,HOME,L,3,4
2012-2013,2012020195,2013-02-15,PHX,PHX @ NSH,AWAY,L,0,3
2012-2013,2012020193,2013-02-15,TBL,TBL vs. WSH,HOME,L,3,4
2012-2013,2012020192,2013-02-15,TOR,TOR @ CAR,AWAY,L,1,3
2012-2013,2012020193,2013-02-15,WSH,WSH @ TBL,AWAY,W,4,3
2012-2013,2012020200,2013-02-16,ANA,ANA @ DET,AWAY,W,5,2
2012-2013,2012020197,2013-02-16,BOS,BOS @ BUF,AWAY,L,2,4
2012-2013,2012020197,2013-02-16,BUF,BUF vs. BOS,HOME,W,4,2
2012-2013,2012020204,2013-02-16,CBJ,CBJ @ LAK,AWAY,L,1,2
2012-2013,2012020202,2013-02-16,CGY,CGY vs. STL,HOME,L,2,5
2012-2013,2012020201,2013-02-16,CHI,CHI vs. SJS,HOME,W,4,1
2012-2013,2012020203,2013-02-16,DAL,DAL @ VAN,AWAY,W,4,3
2012-2013,2012020200,2013-02-16,DET,DET vs. ANA,HOME,L,2,5
2012-2013,2012020208,2013-02-16,FLA,FLA vs. TBL,HOME,L,5,6
2012-2013,2012020204,2013-02-16,LAK,LAK vs. CBJ,HOME,W,2,1
2012-2013,2012020198,2013-02-16,NJD,NJD vs. PHI,HOME,W,5,3
2012-2013,2012020198,2013-02-16,PHI,PHI @ NJD,AWAY,L,3,5
2012-2013,2012020199,2013-02-16,PIT,PIT @ WPG,AWAY,W,3,1
2012-2013,2012020201,2013-02-16,SJS,SJS @ CHI,AWAY,L,1,4
2012-2013,2012020202,2013-02-16,STL,STL @ CGY,AWAY,W,5,2
2012-2013,2012020208,2013-02-16,TBL,TBL @ FLA,AWAY,W,6,5
2012-2013,2012020203,2013-02-16,VAN,VAN vs. DAL,HOME,L,3,4
2012-2013,2012020199,2013-02-16,WPG,WPG vs. PIT,HOME,L,1,3
2012-2013,2012020209,2013-02-17,ANA,ANA @ NSH,AWAY,W,3,2
2012-2013,2012020214,2013-02-17,BOS,BOS @ WPG,AWAY,W,3,2
2012-2013,2012020212,2013-02-17,BUF,BUF vs. PIT,HOME,L,3,4
2012-2013,2012020210,2013-02-17,CBJ,CBJ @ PHX,AWAY,L,3,5
2012-2013,2012020215,2013-02-17,CGY,CGY @ DAL,AWAY,W,4,3
2012-2013,2012020213,2013-02-17,CHI,CHI vs. LAK,HOME,W,3,2
2012-2013,2012020211,2013-02-17,COL,COL @ EDM,AWAY,L,4,6
2012-2013,2012020215,2013-02-17,DAL,DAL vs. CGY,HOME,L,3,4
2012-2013,2012020216,2013-02-17,DET,DET @ MIN,AWAY,L,2,3
2012-2013,2012020211,2013-02-17,EDM,EDM vs. COL,HOME,W,6,4
2012-2013,2012020213,2013-02-17,LAK,LAK @ CHI,AWAY,L,2,3
2012-2013,2012020216,2013-02-17,MIN,MIN vs. DET,HOME,W,3,2
2012-2013,2012020206,2013-02-17,MTL,MTL vs. PHI,HOME,W,4,1
2012-2013,2012020207,2013-02-17,NJD,NJD @ NYI,AWAY,L,1,5
2012-2013,2012020209,2013-02-17,NSH,NSH vs. ANA,HOME,L,2,3
2012-2013,2012020207,2013-02-17,NYI,NYI vs. NJD,HOME,W,5,1
2012-2013,2012020217,2013-02-17,NYR,NYR vs. WSH,HOME,W,2,1
2012-2013,2012020205,2013-02-17,OTT,OTT @ TOR,AWAY,L,0,3
2012-2013,2012020206,2013-02-17,PHI,PHI @ MTL,AWAY,L,1,4
2012-2013,2012020210,2013-02-17,PHX,PHX vs. CBJ,HOME,W,5,3
2012-2013,2012020212,2013-02-17,PIT,PIT @ BUF,AWAY,W,4,3
2012-2013,2012020205,2013-02-17,TOR,TOR vs. OTT,HOME,W,3,0
2012-2013,2012020214,2013-02-17,WPG,WPG vs. BOS,HOME,L,2,3
2012-2013,2012020217,2013-02-17,WSH,WSH @ NYR,AWAY,L,1,2
2012-2013,2012020221,2013-02-18,COL,COL vs. NSH,HOME,W,6,5
2012-2013,2012020219,2013-02-18,NJD,NJD vs. OTT,HOME,L,1,2
2012-2013,2012020221,2013-02-18,NSH,NSH @ COL,AWAY,L,5,6
2012-2013,2012020220,2013-02-18,NYI,NYI vs. PHI,HOME,L,0,7
2012-2013,2012020219,2013-02-18,OTT,OTT @ NJD,AWAY,W,2,1
2012-2013,2012020220,2013-02-18,PHI,PHI @ NYI,AWAY,W,7,0
2012-2013,2012020218,2013-02-18,STL,STL @ VAN,AWAY,W,4,3
2012-2013,2012020218,2013-02-18,VAN,VAN vs. STL,HOME,L,3,4
2012-2013,2012020225,2013-02-19,ANA,ANA vs. CBJ,HOME,W,3,2
2012-2013,2012020222,2013-02-19,CAR,CAR @ MTL,AWAY,L,0,3
2012-2013,2012020225,2013-02-19,CBJ,CBJ @ ANA,AWAY,L,2,3
2012-2013,2012020224,2013-02-19,CGY,CGY @ PHX,AWAY,L,0,4
2012-2013,2012020223,2013-02-19,FLA,FLA vs. TOR,HOME,L,0,3
2012-2013,2012020222,2013-02-19,MTL,MTL vs. CAR,HOME,W,3,0
2012-2013,2012020224,2013-02-19,PHX,PHX vs. CGY,HOME,W,4,0
2012-2013,2012020223,2013-02-19,TOR,TOR @ FLA,AWAY,W,3,0
2012-2013,2012020226,2013-02-20,BUF,BUF vs. WPG,HOME,L,1,2
2012-2013,2012020232,2013-02-20,CHI,CHI vs. VAN,HOME,W,4,3
2012-2013,2012020231,2013-02-20,DET,DET @ NSH,AWAY,L,3,4
2012-2013,2012020233,2013-02-20,EDM,EDM vs. LAK,HOME,L,1,3
2012-2013,2012020233,2013-02-20,LAK,LAK @ EDM,AWAY,W,3,1
2012-2013,2012020227,2013-02-20,MTL,MTL @ NYR,AWAY,W,3,1
2012-2013,2012020231,2013-02-20,NSH,NSH vs. DET,HOME,W,4,3
2012-2013,2012020228,2013-02-20,NYI,NYI @ OTT,AWAY,L,1,3
2012-2013,2012020227,2013-02-20,NYR,NYR vs. MTL,HOME,L,1,3
2012-2013,2012020228,2013-02-20,OTT,OTT vs. NYI,HOME,W,3,1
2012-2013,2012020230,2013-02-20,SJS,SJS @ STL,AWAY,W,2,1
2012-2013,2012020230,2013-02-20,STL,STL vs. SJS,HOME,L,1,2
2012-2013,2012020229,2013-02-20,TBL,TBL vs. TOR,HOME,W,4,2
2012-2013,2012020229,2013-02-20,TOR,TOR @ TBL,AWAY,L,2,4
2012-2013,2012020232,2013-02-20,VAN,VAN @ CHI,AWAY,L,3,4
2012-2013,2012020226,2013-02-20,WPG,WPG @ BUF,AWAY,W,2,1
2012-2013,2012020236,2013-02-21,CGY,CGY vs. LAK,HOME,L,1,3
2012-2013,2012020235,2013-02-21,COL,COL vs. STL,HOME,W,1,0
2012-2013,2012020236,2013-02-21,LAK,LAK @ CGY,AWAY,W,3,1
2012-2013,2012020234,2013-02-21,PHI,PHI @ PIT,AWAY,W,6,5
2012-2013,2012020234,2013-02-21,PIT,PIT vs. PHI,HOME,L,5,6
2012-2013,2012020235,2013-02-21,STL,STL @ COL,AWAY,L,0,1
2012-2013,2012020243,2013-02-22,BOS,BOS @ TBL,AWAY,W,4,2
2012-2013,2012020237,2013-02-22,BUF,BUF @ TOR,AWAY,L,1,3
2012-2013,2012020240,2013-02-22,CAR,CAR vs. WPG,HOME,L,3,4
2012-2013,2012020244,2013-02-22,CBJ,CBJ @ DET,AWAY,W,3,2
2012-2013,2012020245,2013-02-22,DAL,DAL vs. VAN,HOME,L,3,4
2012-2013,2012020244,2013-02-22,DET,DET vs. CBJ,HOME,L,2,3
2012-2013,2012020246,2013-02-22,EDM,EDM vs. MIN,HOME,L,1,3
2012-2013,2012020238,2013-02-22,FLA,FLA @ PHI,AWAY,W,5,2
2012-2013,2012020246,2013-02-22,MIN,MIN @ EDM,AWAY,W,3,1
2012-2013,2012020241,2013-02-22,MTL,MTL vs. NYI,HOME,L,3,4
2012-2013,2012020239,2013-02-22,NJD,NJD @ WSH,AWAY,W,3,2
2012-2013,2012020241,2013-02-22,NYI,NYI @ MTL,AWAY,W,4,3
2012-2013,2012020242,2013-02-22,NYR,NYR @ OTT,AWAY,L,2,3
2012-2013,2012020242,2013-02-22,OTT,OTT vs. NYR,HOME,W,3,2
2012-2013,2012020238,2013-02-22,PHI,PHI vs. FLA,HOME,L,2,5
2012-2013,2012020243,2013-02-22,TBL,TBL vs. BOS,HOME,L,2,4
2012-2013,2012020237,2013-02-22,TOR,TOR vs. BUF,HOME,W,3,1
2012-2013,2012020245,2013-02-22,VAN,VAN @ DAL,AWAY,W,4,3
2012-2013,2012020240,2013-02-22,WPG,WPG @ CAR,AWAY,W,4,3
2012-2013,2012020239,2013-02-22,WSH,WSH vs. NJD,HOME,L,2,3
2012-2013,2012020249,2013-02-23,CHI,CHI vs. SJS,HOME,W,2,1
2012-2013,2012020253,2013-02-23,COL,COL @ LAK,AWAY,L,1,4
2012-2013,2012020252,2013-02-23,EDM,EDM vs. PHX,HOME,W,3,2
2012-2013,2012020247,2013-02-23,FLA,FLA @ PIT,AWAY,L,1,3
2012-2013,2012020253,2013-02-23,LAK,LAK vs. COL,HOME,W,4,1
2012-2013,2012020250,2013-02-23,NJD,NJD @ WSH,AWAY,L,1,5
2012-2013,2012020248,2013-02-23,NSH,NSH vs. VAN,HOME,L,0,1
2012-2013,2012020251,2013-02-23,PHI,PHI vs. WPG,HOME,W,5,3
2012-2013,2012020252,2013-02-23,PHX,PHX @ EDM,AWAY,L,2,3
2012-2013,2012020247,2013-02-23,PIT,PIT vs. FLA,HOME,W,3,1
2012-2013,2012020249,2013-02-23,SJS,SJS @ CHI,AWAY,L,1,2
2012-2013,2012020248,2013-02-23,VAN,VAN @ NSH,AWAY,W,1,0
2012-2013,2012020251,2013-02-23,WPG,WPG @ PHI,AWAY,L,3,5
2012-2013,2012020250,2013-02-23,WSH,WSH vs. NJD,HOME,W,5,1
2012-2013,2012020262,2013-02-24,BOS,BOS @ FLA,AWAY,W,4,1
2012-2013,2012020254,2013-02-24,BUF,BUF vs. NYI,HOME,L,0,4
2012-2013,2012020257,2013-02-24,CAR,CAR vs. TBL,HOME,L,2,5
2012-2013,2012020259,2013-02-24,CBJ,CBJ @ STL,AWAY,L,1,2
2012-2013,2012020261,2013-02-24,CGY,CGY vs. MIN,HOME,W,3,1
2012-2013,2012020260,2013-02-24,DAL,DAL vs. SJS,HOME,W,3,1
2012-2013,2012020258,2013-02-24,DET,DET vs. NSH,HOME,W,4,0
2012-2013,2012020264,2013-02-24,DET,DET vs. VAN,HOME,W,8,3
2012-2013,2012020262,2013-02-24,FLA,FLA vs. BOS,HOME,L,1,4
2012-2013,2012020261,2013-02-24,MIN,MIN @ CGY,AWAY,L,1,3
2012-2013,2012020255,2013-02-24,MTL,MTL vs. NYR,HOME,W,3,0
2012-2013,2012020263,2013-02-24,NJD,NJD vs. WPG,HOME,L,2,4
2012-2013,2012020258,2013-02-24,NSH,NSH @ DET,AWAY,L,0,4
2012-2013,2012020254,2013-02-24,NYI,NYI @ BUF,AWAY,W,4,0
2012-2013,2012020255,2013-02-24,NYR,NYR @ MTL,AWAY,L,0,3
2012-2013,2012020256,2013-02-24,OTT,OTT vs. TOR,HOME,W,3,2
2012-2013,2012020260,2013-02-24,SJS,SJS @ DAL,AWAY,L,1,3
2012-2013,2012020259,2013-02-24,STL,STL vs. CBJ,HOME,W,2,1
2012-2013,2012020257,2013-02-24,TBL,TBL @ CAR,AWAY,W,5,2
2012-2013,2012020256,2013-02-24,TOR,TOR @ OTT,AWAY,L,2,3
2012-2013,2012020264,2013-02-24,VAN,VAN @ DET,AWAY,L,3,8
2012-2013,2012020263,2013-02-24,WPG,WPG @ NJD,AWAY,W,4,2
2012-2013,2012020269,2013-02-25,ANA,ANA vs. COL,HOME,W,4,3
2012-2013,2012020265,2013-02-25,CAR,CAR @ NYI,AWAY,W,4,2
2012-2013,2012020266,2013-02-25,CBJ,CBJ @ CHI,AWAY,L,0,1
2012-2013,2012020268,2013-02-25,CGY,CGY vs. PHX,HOME,W,5,4
2012-2013,2012020266,2013-02-25,CHI,CHI vs. CBJ,HOME,W,1,0
2012-2013,2012020269,2013-02-25,COL,COL @ ANA,AWAY,L,3,4
2012-2013,2012020265,2013-02-25,NYI,NYI vs. CAR,HOME,L,2,4
2012-2013,2012020268,2013-02-25,PHX,PHX @ CGY,AWAY,L,4,5
2012-2013,2012020267,2013-02-25,PIT,PIT vs. TBL,HOME,W,5,3
2012-2013,2012020267,2013-02-25,TBL,TBL @ PIT,AWAY,L,3,5
2012-2013,2012020274,2013-02-26,ANA,ANA @ LAK,AWAY,L,2,5
2012-2013,2012020273,2013-02-26,CHI,CHI vs. EDM,HOME,W,3,2
2012-2013,2012020272,2013-02-26,DAL,DAL @ NSH,AWAY,L,4,5
2012-2013,2012020273,2013-02-26,EDM,EDM @ CHI,AWAY,L,2,3
2012-2013,2012020274,2013-02-26,LAK,LAK vs. ANA,HOME,W,5,2
2012-2013,2012020271,2013-02-26,MTL,MTL @ OTT,AWAY,L,1,2
2012-2013,2012020272,2013-02-26,NSH,NSH vs. DAL,HOME,W,5,4
2012-2013,2012020271,2013-02-26,OTT,OTT vs. MTL,HOME,W,2,1
2012-2013,2012020270,2013-02-26,PHI,PHI vs. TOR,HOME,L,2,4
2012-2013,2012020270,2013-02-26,TOR,TOR @ PHI,AWAY,W,4,2
2012-2013,2012020278,2013-02-27,BOS,BOS @ NYI,AWAY,W,4,1
2012-2013,2012020279,2013-02-27,BUF,BUF @ TBL,AWAY,W,2,1
2012-2013,2012020276,2013-02-27,CAR,CAR @ WSH,AWAY,L,0,3
2012-2013,2012020277,2013-02-27,CBJ,CBJ vs. DAL,HOME,L,4,5
2012-2013,2012020281,2013-02-27,CGY,CGY @ MIN,AWAY,L,1,2
2012-2013,2012020283,2013-02-27,COL,COL @ SJS,AWAY,L,2,3
2012-2013,2012020277,2013-02-27,DAL,DAL @ CBJ,AWAY,W,5,4
2012-2013,2012020280,2013-02-27,FLA,FLA vs. PIT,HOME,W,6,4
2012-2013,2012020281,2013-02-27,MIN,MIN vs. CGY,HOME,W,2,1
2012-2013,2012020278,2013-02-27,NYI,NYI vs. BOS,HOME,L,1,4
2012-2013,2012020275,2013-02-27,NYR,NYR vs. WPG,HOME,L,3,4
2012-2013,2012020282,2013-02-27,PHX,PHX @ VAN,AWAY,W,4,2
2012-2013,2012020280,2013-02-27,PIT,PIT @ FLA,AWAY,L,4,6
2012-2013,2012020283,2013-02-27,SJS,SJS vs. COL,HOME,W,3,2
2012-2013,2012020279,2013-02-27,TBL,TBL vs. BUF,HOME,L,1,2
2012-2013,2012020282,2013-02-27,VAN,VAN vs. PHX,HOME,L,2,4
2012-2013,2012020275,2013-02-27,WPG,WPG @ NYR,AWAY,W,4,3
2012-2013,2012020276,2013-02-27,WSH,WSH vs. CAR,HOME,W,3,0
2012-2013,2012020286,2013-02-28,ANA,ANA vs. NSH,HOME,W,5,1
2012-2013,2012020287,2013-02-28,DET,DET @ LAK,AWAY,L,1,2
2012-2013,2012020287,2013-02-28,LAK,LAK vs. DET,HOME,W,2,1
2012-2013,2012020284,2013-02-28,MTL,MTL @ TOR,AWAY,W,5,2
2012-2013,2012020286,2013-02-28,NSH,NSH @ ANA,AWAY,L,1,5
2012-2013,2012020285,2013-02-28,PHI,PHI vs. WSH,HOME,W,4,1
2012-2013,2012020284,2013-02-28,TOR,TOR vs. MTL,HOME,L,2,5
2012-2013,2012020285,2013-02-28,WSH,WSH @ PHI,AWAY,L,1,4
2012-2013,2012020288,2013-03-01,BOS,BOS vs. OTT,HOME,W,2,1
2012-2013,2012020292,2013-03-01,BUF,BUF @ FLA,AWAY,W,4,3
2012-2013,2012020291,2013-03-01,CAR,CAR vs. PIT,HOME,W,4,1
2012-2013,2012020296,2013-03-01,CGY,CGY @ COL,AWAY,L,4,5
2012-2013,2012020294,2013-03-01,CHI,CHI @ STL,AWAY,W,3,0
2012-2013,2012020296,2013-03-01,COL,COL vs. CGY,HOME,W,5,4
2012-2013,2012020295,2013-03-01,DAL,DAL vs. EDM,HOME,L,1,5
2012-2013,2012020298,2013-03-01,DET,DET @ SJS,AWAY,W,2,1
2012-2013,2012020295,2013-03-01,EDM,EDM @ DAL,AWAY,W,5,1
2012-2013,2012020292,2013-03-01,FLA,FLA vs. BUF,HOME,L,3,4
2012-2013,2012020297,2013-03-01,MIN,MIN @ PHX,AWAY,W,4,3
2012-2013,2012020293,2013-03-01,NJD,NJD @ WPG,AWAY,L,1,3
2012-2013,2012020289,2013-03-01,NYI,NYI vs. TOR,HOME,L,4,5
2012-2013,2012020290,2013-03-01,NYR,NYR vs. TBL,HOME,W,4,1
2012-2013,2012020288,2013-03-01,OTT,OTT @ BOS,AWAY,L,1,2
2012-2013,2012020297,2013-03-01,PHX,PHX vs. MIN,HOME,L,3,4
2012-2013,2012020291,2013-03-01,PIT,PIT @ CAR,AWAY,L,1,4
2012-2013,2012020298,2013-03-01,SJS,SJS vs. DET,HOME,L,1,2
2012-2013,2012020294,2013-03-01,STL,STL vs. CHI,HOME,L,0,3
2012-2013,2012020290,2013-03-01,TBL,TBL @ NYR,AWAY,L,1,4
2012-2013,2012020289,2013-03-01,TOR,TOR @ NYI,AWAY,W,5,4
2012-2013,2012020293,2013-03-01,WPG,WPG vs. NJD,HOME,W,3,1
2012-2013,2012020301,2013-03-02,ANA,ANA vs. MIN,HOME,W,3,2
2012-2013,2012020303,2013-03-02,BOS,BOS vs. TBL,HOME,W,3,2
2012-2013,2012020304,2013-03-02,BUF,BUF vs. NJD,HOME,W,4,3
2012-2013,2012020300,2013-03-02,CBJ,CBJ @ CHI,AWAY,L,3,4
2012-2013,2012020300,2013-03-02,CHI,CHI vs. CBJ,HOME,W,4,3
2012-2013,2012020299,2013-03-02,EDM,EDM @ STL,AWAY,L,2,4
2012-2013,2012020301,2013-03-02,MIN,MIN @ ANA,AWAY,L,2,3
2012-2013,2012020304,2013-03-02,NJD,NJD @ BUF,AWAY,L,3,4
2012-2013,2012020302,2013-03-02,OTT,OTT @ PHI,AWAY,L,1,2
2012-2013,2012020302,2013-03-02,PHI,PHI vs. OTT,HOME,W,2,1
2012-2013,2012020299,2013-03-02,STL,STL vs. EDM,HOME,W,4,2
2012-2013,2012020303,2013-03-02,TBL,TBL @ BOS,AWAY,L,2,3
2012-2013,2012020305,2013-03-02,WPG,WPG vs. WSH,HOME,L,0,3
2012-2013,2012020305,2013-03-02,WSH,WSH @ WPG,AWAY,W,3,0
2012-2013,2012020308,2013-03-03,ANA,ANA @ PHX,AWAY,L,4,5
2012-2013,2012020307,2013-03-03,CAR,CAR vs. FLA,HOME,W,6,2
2012-2013,2012020315,2013-03-03,CAR,CAR @ FLA,AWAY,W,3,2
2012-2013,2012020313,2013-03-03,CBJ,CBJ vs. COL,HOME,W,2,1
2012-2013,2012020311,2013-03-03,CHI,CHI @ DET,AWAY,W,2,1
2012-2013,2012020313,2013-03-03,COL,COL @ CBJ,AWAY,L,1,2
2012-2013,2012020314,2013-03-03,DAL,DAL vs. STL,HOME,W,4,1
2012-2013,2012020311,2013-03-03,DET,DET vs. CHI,HOME,L,1,2
2012-2013,2012020307,2013-03-03,FLA,FLA @ CAR,AWAY,L,2,6
2012-2013,2012020315,2013-03-03,FLA,FLA vs. CAR,HOME,L,2,3
2012-2013,2012020309,2013-03-03,LAK,LAK @ VAN,AWAY,L,2,5
2012-2013,2012020306,2013-03-03,MTL,MTL vs. PIT,HOME,L,6,7
2012-2013,2012020310,2013-03-03,NSH,NSH @ SJS,AWAY,L,1,2
2012-2013,2012020312,2013-03-03,NYI,NYI vs. OTT,HOME,W,3,2
2012-2013,2012020312,2013-03-03,OTT,OTT @ NYI,AWAY,L,2,3
2012-2013,2012020308,2013-03-03,PHX,PHX vs. ANA,HOME,W,5,4
2012-2013,2012020306,2013-03-03,PIT,PIT @ MTL,AWAY,W,7,6
2012-2013,2012020310,2013-03-03,SJS,SJS vs. NSH,HOME,W,2,1
2012-2013,2012020314,2013-03-03,STL,STL @ DAL,AWAY,L,1,4
2012-2013,2012020309,2013-03-03,VAN,VAN vs. LAK,HOME,W,5,2
2012-2013,2012020316,2013-03-04,BOS,BOS vs. MTL,HOME,L,3,4
2012-2013,2012020317,2013-03-04,BUF,BUF @ NYR,AWAY,L,2,3
2012-2013,2012020319,2013-03-04,CGY,CGY vs. VAN,HOME,W,4,2
2012-2013,2012020318,2013-03-04,EDM,EDM @ MIN,AWAY,L,2,4
2012-2013,2012020318,2013-03-04,MIN,MIN vs. EDM,HOME,W,4,2
2012-2013,2012020316,2013-03-04,MTL,MTL @ BOS,AWAY,W,4,3
2012-2013,2012020317,2013-03-04,NYR,NYR vs. BUF,HOME,W,3,2
2012-2013,2012020319,2013-03-04,VAN,VAN @ CGY,AWAY,L,2,4
2012-2013,2012020322,2013-03-05,ANA,ANA @ PHX,AWAY,L,4,5
2012-2013,2012020323,2013-03-05,LAK,LAK vs. NSH,HOME,W,5,1
2012-2013,2012020320,2013-03-05,NJD,NJD @ TOR,AWAY,L,2,4
2012-2013,2012020323,2013-03-05,NSH,NSH @ LAK,AWAY,L,1,5
2012-2013,2012020322,2013-03-05,PHX,PHX vs. ANA,HOME,W,5,4
2012-2013,2012020321,2013-03-05,PIT,PIT vs. TBL,HOME,W,4,3
2012-2013,2012020321,2013-03-05,TBL,TBL @ PIT,AWAY,L,3,4
2012-2013,2012020320,2013-03-05,TOR,TOR vs. NJD,HOME,W,4,2
2012-2013,2012020326,2013-03-06,BOS,BOS @ WSH,AWAY,L,3,4
2012-2013,2012020327,2013-03-06,BUF,BUF @ CAR,AWAY,L,3,4
2012-2013,2012020327,2013-03-06,CAR,CAR vs. BUF,HOME,W,4,3
2012-2013,2012020328,2013-03-06,CBJ,CBJ vs. EDM,HOME,W,4,3
2012-2013,2012020332,2013-03-06,CHI,CHI vs. MIN,HOME,W,5,3
2012-2013,2012020331,2013-03-06,COL,COL @ DET,AWAY,L,1,2
2012-2013,2012020331,2013-03-06,DET,DET vs. COL,HOME,W,2,1
2012-2013,2012020328,2013-03-06,EDM,EDM @ CBJ,AWAY,L,3,4
2012-2013,2012020330,2013-03-06,FLA,FLA vs. WPG,HOME,W,4,1
2012-2013,2012020334,2013-03-06,LAK,LAK vs. STL,HOME,W,6,4
2012-2013,2012020332,2013-03-06,MIN,MIN @ CHI,AWAY,L,3,5
2012-2013,2012020325,2013-03-06,MTL,MTL @ NYI,AWAY,L,3,6
2012-2013,2012020324,2013-03-06,NJD,NJD vs. TBL,HOME,L,2,5
2012-2013,2012020325,2013-03-06,NYI,NYI vs. MTL,HOME,W,6,3
2012-2013,2012020329,2013-03-06,NYR,NYR vs. PHI,HOME,W,4,2
2012-2013,2012020329,2013-03-06,PHI,PHI @ NYR,AWAY,L,2,4
2012-2013,2012020333,2013-03-06,SJS,SJS @ VAN,AWAY,W,3,2
2012-2013,2012020334,2013-03-06,STL,STL @ LAK,AWAY,L,4,6
2012-2013,2012020324,2013-03-06,TBL,TBL @ NJD,AWAY,W,5,2
2012-2013,2012020333,2013-03-06,VAN,VAN vs. SJS,HOME,L,2,3
2012-2013,2012020330,2013-03-06,WPG,WPG @ FLA,AWAY,L,1,4
2012-2013,2012020326,2013-03-06,WSH,WSH vs. BOS,HOME,W,4,3
2012-2013,2012020338,2013-03-07,ANA,ANA vs. PHX,HOME,W,2,0
2012-2013,2012020337,2013-03-07,CGY,CGY vs. SJS,HOME,W,4,1
2012-2013,2012020336,2013-03-07,CHI,CHI vs. COL,HOME,W,3,2
2012-2013,2012020336,2013-03-07,COL,COL @ CHI,AWAY,L,2,3
2012-2013,2012020335,2013-03-07,OTT,OTT @ TOR,AWAY,L,4,5
2012-2013,2012020338,2013-03-07,PHX,PHX @ ANA,AWAY,L,0,2
2012-2013,2012020337,2013-03-07,SJS,SJS @ CGY,AWAY,L,1,4
2012-2013,2012020335,2013-03-07,TOR,TOR vs. OTT,HOME,W,5,4
2012-2013,2012020339,2013-03-08,BOS,BOS vs. TOR,HOME,W,4,2
2012-2013,2012020340,2013-03-08,BUF,BUF @ NJD,AWAY,L,2,3
2012-2013,2012020344,2013-03-08,CAR,CAR vs. MTL,HOME,L,2,4
2012-2013,2012020345,2013-03-08,CBJ,CBJ vs. VAN,HOME,W,2,1
2012-2013,2012020349,2013-03-08,DAL,DAL @ LAK,AWAY,W,5,2
2012-2013,2012020347,2013-03-08,DET,DET vs. EDM,HOME,W,3,0
2012-2013,2012020347,2013-03-08,EDM,EDM @ DET,AWAY,L,0,3
2012-2013,2012020343,2013-03-08,FLA,FLA @ WSH,AWAY,L,1,7
2012-2013,2012020349,2013-03-08,LAK,LAK vs. DAL,HOME,L,2,5
2012-2013,2012020344,2013-03-08,MTL,MTL @ CAR,AWAY,W,4,2
2012-2013,2012020340,2013-03-08,NJD,NJD vs. BUF,HOME,W,3,2
2012-2013,2012020341,2013-03-08,NYI,NYI vs. NYR,HOME,L,1,2
2012-2013,2012020341,2013-03-08,NYR,NYR @ NYI,AWAY,W,2,1
2012-2013,2012020342,2013-03-08,PHI,PHI vs. PIT,HOME,L,4,5
2012-2013,2012020348,2013-03-08,PHX,PHX vs. STL,HOME,L,3,6
2012-2013,2012020342,2013-03-08,PIT,PIT @ PHI,AWAY,W,5,4
2012-2013,2012020348,2013-03-08,STL,STL @ PHX,AWAY,W,6,3
2012-2013,2012020346,2013-03-08,TBL,TBL vs. WPG,HOME,L,1,2
2012-2013,2012020339,2013-03-08,TOR,TOR @ BOS,AWAY,L,2,4
2012-2013,2012020345,2013-03-08,VAN,VAN @ CBJ,AWAY,L,1,2
2012-2013,2012020346,2013-03-08,WPG,WPG @ TBL,AWAY,W,2,1
2012-2013,2012020343,2013-03-08,WSH,WSH vs. FLA,HOME,W,7,1
2012-2013,2012020354,2013-03-09,ANA,ANA vs. CGY,HOME,W,4,0
2012-2013,2012020355,2013-03-09,BOS,BOS vs. PHI,HOME,W,3,0
2012-2013,2012020357,2013-03-09,CBJ,CBJ vs. DET,HOME,W,3,0
2012-2013,2012020354,2013-03-09,CGY,CGY @ ANA,AWAY,L,0,4
2012-2013,2012020353,2013-03-09,CHI,CHI @ COL,AWAY,L,2,6
2012-2013,2012020353,2013-03-09,COL,COL vs. CHI,HOME,W,6,2
2012-2013,2012020357,2013-03-09,DET,DET @ CBJ,AWAY,L,0,3
2012-2013,2012020352,2013-03-09,EDM,EDM @ NSH,AWAY,L,0,6
2012-2013,2012020351,2013-03-09,FLA,FLA vs. WPG,HOME,L,2,3
2012-2013,2012020352,2013-03-09,NSH,NSH vs. EDM,HOME,W,6,0
2012-2013,2012020356,2013-03-09,NYI,NYI vs. WSH,HOME,W,5,2
2012-2013,2012020350,2013-03-09,NYR,NYR vs. OTT,HOME,L,2,3
2012-2013,2012020350,2013-03-09,OTT,OTT @ NYR,AWAY,W,3,2
2012-2013,2012020355,2013-03-09,PHI,PHI @ BOS,AWAY,L,0,3
2012-2013,2012020358,2013-03-09,SJS,SJS vs. STL,HOME,L,3,4
2012-2013,2012020358,2013-03-09,STL,STL @ SJS,AWAY,W,4,3
2012-2013,2012020351,2013-03-09,WPG,WPG @ FLA,AWAY,W,3,2
2012-2013,2012020356,2013-03-09,WSH,WSH @ NYI,AWAY,L,2,5
2012-2013,2012020371,2013-03-10,BUF,BUF @ PHI,AWAY,L,2,3
2012-2013,2012020360,2013-03-10,CAR,CAR vs. NJD,HOME,W,6,3
2012-2013,2012020366,2013-03-10,CBJ,CBJ @ DET,AWAY,W,3,2
2012-2013,2012020364,2013-03-10,CGY,CGY @ LAK,AWAY,L,2,6
2012-2013,2012020370,2013-03-10,CHI,CHI vs. EDM,HOME,L,5,6
2012-2013,2012020363,2013-03-10,DAL,DAL @ PHX,AWAY,L,1,2
2012-2013,2012020366,2013-03-10,DET,DET vs. CBJ,HOME,L,2,3
2012-2013,2012020370,2013-03-10,EDM,EDM @ CHI,AWAY,W,6,5
2012-2013,2012020367,2013-03-10,FLA,FLA vs. MTL,HOME,L,2,5
2012-2013,2012020364,2013-03-10,LAK,LAK vs. CGY,HOME,W,6,2
2012-2013,2012020362,2013-03-10,MIN,MIN @ NSH,AWAY,W,2,1
2012-2013,2012020361,2013-03-10,MTL,MTL @ TBL,AWAY,W,4,3
2012-2013,2012020367,2013-03-10,MTL,MTL @ FLA,AWAY,W,5,2
2012-2013,2012020360,2013-03-10,NJD,NJD @ CAR,AWAY,L,3,6
2012-2013,2012020368,2013-03-10,NJD,NJD vs. WPG,HOME,W,3,2
2012-2013,2012020362,2013-03-10,NSH,NSH vs. MIN,HOME,L,1,2
2012-2013,2012020369,2013-03-10,NYI,NYI @ PIT,AWAY,L,1,6
2012-2013,2012020365,2013-03-10,NYR,NYR @ WSH,AWAY,W,4,1
2012-2013,2012020371,2013-03-10,PHI,PHI vs. BUF,HOME,W,3,2
2012-2013,2012020363,2013-03-10,PHX,PHX vs. DAL,HOME,W,2,1
2012-2013,2012020359,2013-03-10,PIT,PIT @ TOR,AWAY,W,5,4
2012-2013,2012020369,2013-03-10,PIT,PIT vs. NYI,HOME,W,6,1
2012-2013,2012020361,2013-03-10,TBL,TBL vs. MTL,HOME,L,3,4
2012-2013,2012020359,2013-03-10,TOR,TOR vs. PIT,HOME,L,4,5
2012-2013,2012020368,2013-03-10,WPG,WPG @ NJD,AWAY,L,2,3
2012-2013,2012020365,2013-03-10,WSH,WSH vs. NYR,HOME,L,1,4
2012-2013,2012020374,2013-03-11,ANA,ANA vs. STL,HOME,W,4,2
2012-2013,2012020375,2013-03-11,BOS,BOS @ OTT,AWAY,W,3,2
2012-2013,2012020373,2013-03-11,COL,COL vs. SJS,HOME,W,3,2
2012-2013,2012020372,2013-03-11,MIN,MIN vs. VAN,HOME,W,4,2
2012-2013,2012020375,2013-03-11,OTT,OTT vs. BOS,HOME,L,2,3
2012-2013,2012020373,2013-03-11,SJS,SJS @ COL,AWAY,L,2,3
2012-2013,2012020374,2013-03-11,STL,STL @ ANA,AWAY,L,2,4
2012-2013,2012020372,2013-03-11,VAN,VAN @ MIN,AWAY,L,2,4
2012-2013,2012020380,2013-03-12,BOS,BOS @ PIT,AWAY,L,2,3
2012-2013,2012020377,2013-03-12,BUF,BUF vs. NYR,HOME,W,3,1
2012-2013,2012020378,2013-03-12,CAR,CAR @ WSH,AWAY,W,4,0
2012-2013,2012020379,2013-03-12,CBJ,CBJ vs. VAN,HOME,L,1,2
2012-2013,2012020376,2013-03-12,CGY,CGY @ LAK,AWAY,L,1,3
2012-2013,2012020381,2013-03-12,FLA,FLA vs. TBL,HOME,L,2,3
2012-2013,2012020376,2013-03-12,LAK,LAK vs. CGY,HOME,W,3,1
2012-2013,2012020377,2013-03-12,NYR,NYR @ BUF,AWAY,L,1,3
2012-2013,2012020380,2013-03-12,PIT,PIT vs. BOS,HOME,W,3,2
2012-2013,2012020381,2013-03-12,TBL,TBL @ FLA,AWAY,W,3,2
2012-2013,2012020379,2013-03-12,VAN,VAN @ CBJ,AWAY,W,2,1
2012-2013,2012020378,2013-03-12,WSH,WSH vs. CAR,HOME,L,0,4
2012-2013,2012020384,2013-03-13,ANA,ANA @ MIN,AWAY,W,2,1
2012-2013,2012020386,2013-03-13,COL,COL vs. EDM,HOME,L,0,4
2012-2013,2012020385,2013-03-13,DAL,DAL vs. NSH,HOME,L,0,4
2012-2013,2012020386,2013-03-13,EDM,EDM @ COL,AWAY,W,4,0
2012-2013,2012020387,2013-03-13,LAK,LAK @ PHX,AWAY,L,2,5
2012-2013,2012020384,2013-03-13,MIN,MIN vs. ANA,HOME,L,1,2
2012-2013,2012020388,2013-03-13,MTL,MTL vs. OTT,HOME,W,4,3
2012-2013,2012020389,2013-03-13,NJD,NJD vs. PHI,HOME,W,5,2
2012-2013,2012020385,2013-03-13,NSH,NSH @ DAL,AWAY,W,4,0
2012-2013,2012020388,2013-03-13,OTT,OTT @ MTL,AWAY,L,3,4
2012-2013,2012020389,2013-03-13,PHI,PHI @ NJD,AWAY,L,2,5
2012-2013,2012020387,2013-03-13,PHX,PHX vs. LAK,HOME,W,5,2
2012-2013,2012020383,2013-03-13,SJS,SJS @ STL,AWAY,L,2,4
2012-2013,2012020383,2013-03-13,STL,STL vs. SJS,HOME,W,4,2
2012-2013,2012020382,2013-03-13,TOR,TOR @ WPG,AWAY,L,2,5
2012-2013,2012020382,2013-03-13,WPG,WPG vs. TOR,HOME,W,5,2
2012-2013,2012020391,2013-03-14,BOS,BOS vs. FLA,HOME,W,4,1
2012-2013,2012020393,2013-03-14,CAR,CAR vs. WSH,HOME,L,2,3
2012-2013,2012020394,2013-03-14,CBJ,CBJ vs. CHI,HOME,L,1,2
2012-2013,2012020390,2013-03-14,CGY,CGY vs. DET,HOME,W,5,2
2012-2013,2012020394,2013-03-14,CHI,CHI @ CBJ,AWAY,W,2,1
2012-2013,2012020390,2013-03-14,DET,DET @ CGY,AWAY,L,2,5
2012-2013,2012020391,2013-03-14,FLA,FLA @ BOS,AWAY,L,1,4
2012-2013,2012020395,2013-03-14,NYI,NYI @ TBL,AWAY,W,2,0
2012-2013,2012020392,2013-03-14,PIT,PIT @ TOR,AWAY,W,3,1
2012-2013,2012020395,2013-03-14,TBL,TBL vs. NYI,HOME,L,0,2
2012-2013,2012020392,2013-03-14,TOR,TOR vs. PIT,HOME,L,1,3
2012-2013,2012020393,2013-03-14,WSH,WSH @ CAR,AWAY,W,3,2
2012-2013,2012020399,2013-03-15,ANA,ANA @ DAL,AWAY,W,2,1
2012-2013,2012020398,2013-03-15,COL,COL @ MIN,AWAY,L,3,5
2012-2013,2012020399,2013-03-15,DAL,DAL vs. ANA,HOME,L,1,2
2012-2013,2012020401,2013-03-15,LAK,LAK @ SJS,AWAY,L,3,4
2012-2013,2012020398,2013-03-15,MIN,MIN vs. COL,HOME,W,5,3
2012-2013,2012020402,2013-03-15,NJD,NJD @ PHI,AWAY,L,1,2
2012-2013,2012020400,2013-03-15,NSH,NSH @ VAN,AWAY,L,4,7
2012-2013,2012020396,2013-03-15,NYR,NYR @ WPG,AWAY,L,1,3
2012-2013,2012020402,2013-03-15,PHI,PHI vs. NJD,HOME,W,2,1
2012-2013,2012020397,2013-03-15,PHX,PHX @ STL,AWAY,L,0,3
2012-2013,2012020401,2013-03-15,SJS,SJS vs. LAK,HOME,W,4,3
2012-2013,2012020397,2013-03-15,STL,STL vs. PHX,HOME,W,3,0
2012-2013,2012020400,2013-03-15,VAN,VAN vs. NSH,HOME,W,7,4
2012-2013,2012020396,2013-03-15,WPG,WPG vs. NYR,HOME,W,3,1
2012-2013,2012020405,2013-03-16,BOS,BOS vs. WSH,HOME,W,4,1
2012-2013,2012020407,2013-03-16,BUF,BUF vs. OTT,HOME,L,3,4
2012-2013,2012020411,2013-03-16,CAR,CAR @ TBL,AWAY,L,1,4
2012-2013,2012020412,2013-03-16,CBJ,CBJ vs. PHX,HOME,W,1,0
2012-2013,2012020403,2013-03-16,CGY,CGY vs. NSH,HOME,W,6,3
2012-2013,2012020408,2013-03-16,COL,COL vs. MIN,HOME,L,4,6
2012-2013,2012020404,2013-03-16,DET,DET @ EDM,AWAY,W,3,2
2012-2013,2012020404,2013-03-16,EDM,EDM vs. DET,HOME,L,2,3
2012-2013,2012020413,2013-03-16,FLA,FLA vs. NYI,HOME,L,3,4
2012-2013,2012020408,2013-03-16,MIN,MIN @ COL,AWAY,W,6,4
2012-2013,2012020410,2013-03-16,MTL,MTL @ NJD,AWAY,W,2,1
2012-2013,2012020410,2013-03-16,NJD,NJD vs. MTL,HOME,L,1,2
2012-2013,2012020403,2013-03-16,NSH,NSH @ CGY,AWAY,L,3,6
2012-2013,2012020413,2013-03-16,NYI,NYI @ FLA,AWAY,W,4,3
2012-2013,2012020406,2013-03-16,NYR,NYR @ PIT,AWAY,L,0,3
2012-2013,2012020407,2013-03-16,OTT,OTT @ BUF,AWAY,W,4,3
2012-2013,2012020412,2013-03-16,PHX,PHX @ CBJ,AWAY,L,0,1
2012-2013,2012020406,2013-03-16,PIT,PIT vs. NYR,HOME,W,3,0
2012-2013,2012020411,2013-03-16,TBL,TBL vs. CAR,HOME,W,4,1
2012-2013,2012020409,2013-03-16,TOR,TOR vs. WPG,HOME,L,4,5
2012-2013,2012020409,2013-03-16,WPG,WPG @ TOR,AWAY,W,5,4
2012-2013,2012020405,2013-03-16,WSH,WSH @ BOS,AWAY,L,1,4
2012-2013,2012020414,2013-03-17,ANA,ANA @ STL,AWAY,L,1,2
2012-2013,2012020418,2013-03-17,BOS,BOS @ PIT,AWAY,L,1,2
2012-2013,2012020420,2013-03-17,BUF,BUF @ WSH,AWAY,L,3,5
2012-2013,2012020415,2013-03-17,CHI,CHI @ DAL,AWAY,W,8,1
2012-2013,2012020415,2013-03-17,DAL,DAL vs. CHI,HOME,L,1,8
2012-2013,2012020416,2013-03-17,DET,DET @ VAN,AWAY,W,5,2
2012-2013,2012020417,2013-03-17,LAK,LAK vs. SJS,HOME,W,5,2
2012-2013,2012020419,2013-03-17,OTT,OTT vs. WPG,HOME,W,4,1
2012-2013,2012020418,2013-03-17,PIT,PIT vs. BOS,HOME,W,2,1
2012-2013,2012020417,2013-03-17,SJS,SJS @ LAK,AWAY,L,2,5
2012-2013,2012020414,2013-03-17,STL,STL vs. ANA,HOME,W,2,1
2012-2013,2012020416,2013-03-17,VAN,VAN vs. DET,HOME,L,2,5
2012-2013,2012020419,2013-03-17,WPG,WPG @ OTT,AWAY,L,1,4
2012-2013,2012020420,2013-03-17,WSH,WSH vs. BUF,HOME,W,5,3
2012-2013,2012020422,2013-03-18,CAR,CAR @ NYR,AWAY,L,1,2
2012-2013,2012020421,2013-03-18,EDM,EDM vs. NSH,HOME,W,3,2
2012-2013,2012020421,2013-03-18,NSH,NSH @ EDM,AWAY,L,2,3
2012-2013,2012020422,2013-03-18,NYR,NYR vs. CAR,HOME,W,2,1
2012-2013,2012020423,2013-03-18,PHI,PHI @ TBL,AWAY,L,2,4
2012-2013,2012020423,2013-03-18,TBL,TBL vs. PHI,HOME,W,4,2
2012-2013,2012020427,2013-03-19,ANA,ANA vs. SJS,HOME,W,5,3
2012-2013,2012020433,2013-03-19,BUF,BUF @ MTL,AWAY,W,3,2
2012-2013,2012020431,2013-03-19,CAR,CAR vs. FLA,HOME,L,1,4
2012-2013,2012020432,2013-03-19,CBJ,CBJ vs. NSH,HOME,W,4,3
2012-2013,2012020424,2013-03-19,CGY,CGY @ DAL,AWAY,L,3,4
2012-2013,2012020425,2013-03-19,CHI,CHI @ COL,AWAY,W,5,2
2012-2013,2012020425,2013-03-19,COL,COL vs. CHI,HOME,L,2,5
2012-2013,2012020424,2013-03-19,DAL,DAL vs. CGY,HOME,W,4,3
2012-2013,2012020431,2013-03-19,FLA,FLA @ CAR,AWAY,W,4,1
2012-2013,2012020428,2013-03-19,LAK,LAK vs. PHX,HOME,W,4,0
2012-2013,2012020426,2013-03-19,MIN,MIN @ VAN,AWAY,W,3,1
2012-2013,2012020433,2013-03-19,MTL,MTL vs. BUF,HOME,L,2,3
2012-2013,2012020429,2013-03-19,NJD,NJD vs. NYR,HOME,L,2,3
2012-2013,2012020432,2013-03-19,NSH,NSH @ CBJ,AWAY,L,3,4
2012-2013,2012020430,2013-03-19,NYI,NYI vs. OTT,HOME,L,3,5
2012-2013,2012020429,2013-03-19,NYR,NYR @ NJD,AWAY,W,3,2
2012-2013,2012020430,2013-03-19,OTT,OTT @ NYI,AWAY,W,5,3
2012-2013,2012020428,2013-03-19,PHX,PHX @ LAK,AWAY,L,0,4
2012-2013,2012020434,2013-03-19,PIT,PIT vs. WSH,HOME,W,2,1
2012-2013,2012020427,2013-03-19,SJS,SJS @ ANA,AWAY,L,3,5
2012-2013,2012020426,2013-03-19,VAN,VAN vs. MIN,HOME,L,1,3
2012-2013,2012020434,2013-03-19,WSH,WSH @ PIT,AWAY,L,1,2
2012-2013,2012020435,2013-03-20,BOS,BOS @ WPG,AWAY,L,1,3
2012-2013,2012020439,2013-03-20,DET,DET vs. MIN,HOME,L,2,4
2012-2013,2012020437,2013-03-20,LAK,LAK vs. PHX,HOME,W,3,2
2012-2013,2012020439,2013-03-20,MIN,MIN @ DET,AWAY,W,4,2
2012-2013,2012020437,2013-03-20,PHX,PHX @ LAK,AWAY,L,2,3
2012-2013,2012020436,2013-03-20,STL,STL @ VAN,AWAY,L,2,3
2012-2013,2012020438,2013-03-20,TBL,TBL @ TOR,AWAY,L,2,4
2012-2013,2012020438,2013-03-20,TOR,TOR vs. TBL,HOME,W,4,2
2012-2013,2012020436,2013-03-20,VAN,VAN vs. STL,HOME,W,3,2
2012-2013,2012020435,2013-03-20,WPG,WPG vs. BOS,HOME,W,3,1
2012-2013,2012020442,2013-03-21,ANA,ANA vs. CHI,HOME,W,4,2
2012-2013,2012020447,2013-03-21,BOS,BOS @ OTT,AWAY,W,2,1
2012-2013,2012020443,2013-03-21,BUF,BUF vs. TOR,HOME,W,5,4
2012-2013,2012020446,2013-03-21,CAR,CAR vs. NJD,HOME,L,1,4
2012-2013,2012020442,2013-03-21,CHI,CHI @ ANA,AWAY,L,2,4
2012-2013,2012020440,2013-03-21,COL,COL vs. DAL,HOME,W,4,3
2012-2013,2012020440,2013-03-21,DAL,DAL @ COL,AWAY,L,3,4
2012-2013,2012020441,2013-03-21,EDM,EDM vs. SJS,HOME,L,3,4
2012-2013,2012020445,2013-03-21,FLA,FLA @ NYR,AWAY,W,3,1
2012-2013,2012020444,2013-03-21,MTL,MTL @ NYI,AWAY,W,5,2
2012-2013,2012020446,2013-03-21,NJD,NJD @ CAR,AWAY,W,4,1
2012-2013,2012020444,2013-03-21,NYI,NYI vs. MTL,HOME,L,2,5
2012-2013,2012020445,2013-03-21,NYR,NYR vs. FLA,HOME,L,1,3
2012-2013,2012020447,2013-03-21,OTT,OTT vs. BOS,HOME,L,1,2
2012-2013,2012020441,2013-03-21,SJS,SJS @ EDM,AWAY,W,4,3
2012-2013,2012020443,2013-03-21,TOR,TOR @ BUF,AWAY,L,4,5
2012-2013,2012020453,2013-03-22,CBJ,CBJ vs. CGY,HOME,W,5,1
2012-2013,2012020449,2013-03-22,CGY,CGY @ NSH,AWAY,L,3,5
2012-2013,2012020453,2013-03-22,CGY,CGY @ CBJ,AWAY,L,1,5
2012-2013,2012020451,2013-03-22,DAL,DAL @ LAK,AWAY,W,2,0
2012-2013,2012020451,2013-03-22,LAK,LAK vs. DAL,HOME,L,0,2
2012-2013,2012020449,2013-03-22,NSH,NSH vs. CGY,HOME,W,5,3
2012-2013,2012020452,2013-03-22,NYI,NYI vs. PIT,HOME,L,2,4
2012-2013,2012020450,2013-03-22,PHX,PHX vs. VAN,HOME,L,1,2
2012-2013,2012020452,2013-03-22,PIT,PIT @ NYI,AWAY,W,4,2
2012-2013,2012020450,2013-03-22,VAN,VAN @ PHX,AWAY,W,2,1
2012-2013,2012020448,2013-03-22,WPG,WPG vs. WSH,HOME,L,0,4
2012-2013,2012020454,2013-03-22,WPG,WPG vs. WSH,HOME,L,1,6
2012-2013,2012020448,2013-03-22,WSH,WSH @ WPG,AWAY,W,4,0
2012-2013,2012020454,2013-03-22,WSH,WSH @ WPG,AWAY,W,6,1
2012-2013,2012020455,2013-03-23,ANA,ANA vs. DET,HOME,L,1,5
2012-2013,2012020459,2013-03-23,BOS,BOS @ TOR,AWAY,L,2,3
2012-2013,2012020460,2013-03-23,BUF,BUF @ MTL,AWAY,W,2,1
2012-2013,2012020455,2013-03-23,DET,DET @ ANA,AWAY,W,5,1
2012-2013,2012020461,2013-03-23,FLA,FLA @ NJD,AWAY,L,1,2
2012-2013,2012020458,2013-03-23,LAK,LAK vs. VAN,HOME,L,0,1
2012-2013,2012020457,2013-03-23,MIN,MIN vs. SJS,HOME,W,2,0
2012-2013,2012020460,2013-03-23,MTL,MTL vs. BUF,HOME,L,1,2
2012-2013,2012020461,2013-03-23,NJD,NJD vs. FLA,HOME,W,2,1
2012-2013,2012020456,2013-03-23,OTT,OTT vs. TBL,HOME,W,5,3
2012-2013,2012020457,2013-03-23,SJS,SJS @ MIN,AWAY,L,0,2
2012-2013,2012020456,2013-03-23,TBL,TBL @ OTT,AWAY,L,3,5
2012-2013,2012020459,2013-03-23,TOR,TOR vs. BOS,HOME,W,3,2
2012-2013,2012020458,2013-03-23,VAN,VAN @ LAK,AWAY,W,1,0
2012-2013,2012020462,2013-03-24,CBJ,CBJ @ NSH,AWAY,L,2,5
2012-2013,2012020463,2013-03-24,COL,COL @ DAL,AWAY,L,2,5
2012-2013,2012020463,2013-03-24,DAL,DAL vs. COL,HOME,W,5,2
2012-2013,2012020464,2013-03-24,EDM,EDM vs. STL,HOME,L,0,3
2012-2013,2012020465,2013-03-24,FLA,FLA @ NYI,AWAY,L,0,3
2012-2013,2012020462,2013-03-24,NSH,NSH vs. CBJ,HOME,W,5,2
2012-2013,2012020465,2013-03-24,NYI,NYI vs. FLA,HOME,W,3,0
2012-2013,2012020467,2013-03-24,NYR,NYR vs. WSH,HOME,L,2,3
2012-2013,2012020466,2013-03-24,PHI,PHI @ PIT,AWAY,L,1,2
2012-2013,2012020466,2013-03-24,PIT,PIT vs. PHI,HOME,W,2,1
2012-2013,2012020464,2013-03-24,STL,STL @ EDM,AWAY,W,3,0
2012-2013,2012020467,2013-03-24,WSH,WSH @ NYR,AWAY,W,3,2
2012-2013,2012020471,2013-03-25,ANA,ANA vs. DET,HOME,L,1,2
2012-2013,2012020472,2013-03-25,BOS,BOS vs. TOR,HOME,W,3,2
2012-2013,2012020470,2013-03-25,CGY,CGY vs. STL,HOME,W,3,2
2012-2013,2012020469,2013-03-25,COL,COL vs. VAN,HOME,L,2,3
2012-2013,2012020471,2013-03-25,DET,DET @ ANA,AWAY,W,2,1
2012-2013,2012020473,2013-03-25,NJD,NJD @ OTT,AWAY,L,2,3
2012-2013,2012020473,2013-03-25,OTT,OTT vs. NJD,HOME,W,3,2
2012-2013,2012020470,2013-03-25,STL,STL @ CGY,AWAY,L,2,3
2012-2013,2012020468,2013-03-25,TBL,TBL @ WPG,AWAY,L,2,3
2012-2013,2012020472,2013-03-25,TOR,TOR @ BOS,AWAY,L,2,3
2012-2013,2012020469,2013-03-25,VAN,VAN @ COL,AWAY,W,3,2
2012-2013,2012020468,2013-03-25,WPG,WPG vs. TBL,HOME,W,3,2
2012-2013,2012020478,2013-03-26,ANA,ANA vs. SJS,HOME,L,3,5
2012-2013,2012020484,2013-03-26,BUF,BUF @ TBL,AWAY,L,1,2
2012-2013,2012020482,2013-03-26,CAR,CAR vs. WPG,HOME,L,1,4
2012-2013,2012020474,2013-03-26,CHI,CHI vs. LAK,HOME,L,4,5
2012-2013,2012020476,2013-03-26,DAL,DAL vs. MIN,HOME,L,4,7
2012-2013,2012020477,2013-03-26,DET,DET @ PHX,AWAY,W,3,2
2012-2013,2012020475,2013-03-26,EDM,EDM @ NSH,AWAY,L,2,3
2012-2013,2012020479,2013-03-26,FLA,FLA @ TOR,AWAY,L,2,3
2012-2013,2012020474,2013-03-26,LAK,LAK @ CHI,AWAY,W,5,4
2012-2013,2012020476,2013-03-26,MIN,MIN @ DAL,AWAY,W,7,4
2012-2013,2012020480,2013-03-26,MTL,MTL @ PIT,AWAY,L,0,1
2012-2013,2012020475,2013-03-26,NSH,NSH vs. EDM,HOME,W,3,2
2012-2013,2012020481,2013-03-26,NYI,NYI @ WSH,AWAY,W,3,2
2012-2013,2012020483,2013-03-26,NYR,NYR @ PHI,AWAY,W,5,2
2012-2013,2012020483,2013-03-26,PHI,PHI vs. NYR,HOME,L,2,5
2012-2013,2012020477,2013-03-26,PHX,PHX vs. DET,HOME,L,2,3
2012-2013,2012020480,2013-03-26,PIT,PIT vs. MTL,HOME,W,1,0
2012-2013,2012020478,2013-03-26,SJS,SJS @ ANA,AWAY,W,5,3
2012-2013,2012020484,2013-03-26,TBL,TBL vs. BUF,HOME,W,2,1
2012-2013,2012020479,2013-03-26,TOR,TOR vs. FLA,HOME,W,3,2
2012-2013,2012020482,2013-03-26,WPG,WPG @ CAR,AWAY,W,4,1
2012-2013,2012020481,2013-03-26,WSH,WSH vs. NYI,HOME,L,2,3
2012-2013,2012020488,2013-03-27,BOS,BOS vs. MTL,HOME,L,5,6
2012-2013,2012020487,2013-03-27,CBJ,CBJ @ VAN,AWAY,L,0,1
2012-2013,2012020486,2013-03-27,CGY,CGY @ CHI,AWAY,L,0,2
2012-2013,2012020486,2013-03-27,CHI,CHI vs. CGY,HOME,W,2,0
2012-2013,2012020485,2013-03-27,EDM,EDM @ STL,AWAY,W,3,0
2012-2013,2012020488,2013-03-27,MTL,MTL @ BOS,AWAY,W,6,5
2012-2013,2012020485,2013-03-27,STL,STL vs. EDM,HOME,L,0,3
2012-2013,2012020487,2013-03-27,VAN,VAN vs. CBJ,HOME,W,1,0
2012-2013,2012020491,2013-03-28,ANA,ANA @ SJS,AWAY,L,0,4
2012-2013,2012020496,2013-03-28,BUF,BUF @ FLA,AWAY,L,4,5
2012-2013,2012020492,2013-03-28,CAR,CAR @ TOR,AWAY,L,3,6
2012-2013,2012020490,2013-03-28,CGY,CGY vs. COL,HOME,W,4,3
2012-2013,2012020490,2013-03-28,COL,COL @ CGY,AWAY,L,3,4
2012-2013,2012020496,2013-03-28,FLA,FLA vs. BUF,HOME,W,5,4
2012-2013,2012020489,2013-03-28,MIN,MIN vs. PHX,HOME,W,4,3
2012-2013,2012020493,2013-03-28,NYI,NYI @ PHI,AWAY,W,4,3
2012-2013,2012020495,2013-03-28,NYR,NYR @ OTT,AWAY,L,0,3
2012-2013,2012020495,2013-03-28,OTT,OTT vs. NYR,HOME,W,3,0
2012-2013,2012020493,2013-03-28,PHI,PHI vs. NYI,HOME,L,3,4
2012-2013,2012020489,2013-03-28,PHX,PHX @ MIN,AWAY,L,3,4
2012-2013,2012020494,2013-03-28,PIT,PIT vs. WPG,HOME,W,4,0
2012-2013,2012020491,2013-03-28,SJS,SJS vs. ANA,HOME,W,4,0
2012-2013,2012020492,2013-03-28,TOR,TOR vs. CAR,HOME,W,6,3
2012-2013,2012020494,2013-03-28,WPG,WPG @ PIT,AWAY,L,0,4
2012-2013,2012020499,2013-03-29,CBJ,CBJ @ EDM,AWAY,L,4,6
2012-2013,2012020500,2013-03-29,COL,COL @ VAN,AWAY,L,1,4
2012-2013,2012020501,2013-03-29,DET,DET @ SJS,AWAY,L,0,2
2012-2013,2012020499,2013-03-29,EDM,EDM vs. CBJ,HOME,W,6,4
2012-2013,2012020497,2013-03-29,LAK,LAK @ STL,AWAY,W,4,2
2012-2013,2012020502,2013-03-29,NJD,NJD @ TBL,AWAY,L,4,5
2012-2013,2012020498,2013-03-29,NSH,NSH vs. PHX,HOME,L,4,7
2012-2013,2012020498,2013-03-29,PHX,PHX @ NSH,AWAY,W,7,4
2012-2013,2012020501,2013-03-29,SJS,SJS vs. DET,HOME,W,2,0
2012-2013,2012020497,2013-03-29,STL,STL vs. LAK,HOME,L,2,4
2012-2013,2012020502,2013-03-29,TBL,TBL vs. NJD,HOME,W,5,4
2012-2013,2012020500,2013-03-29,VAN,VAN vs. COL,HOME,W,4,1
2012-2013,2012020503,2013-03-30,ANA,ANA @ CHI,AWAY,W,2,1
2012-2013,2012020506,2013-03-30,BOS,BOS @ PHI,AWAY,L,1,3
2012-2013,2012020511,2013-03-30,BUF,BUF vs. WSH,HOME,L,3,4
2012-2013,2012020508,2013-03-30,CAR,CAR @ WPG,AWAY,W,3,1
2012-2013,2012020505,2013-03-30,CBJ,CBJ @ CGY,AWAY,W,6,4
2012-2013,2012020505,2013-03-30,CGY,CGY vs. CBJ,HOME,L,4,6
2012-2013,2012020503,2013-03-30,CHI,CHI vs. ANA,HOME,L,1,2
2012-2013,2012020509,2013-03-30,COL,COL vs. NSH,HOME,W,1,0
2012-2013,2012020504,2013-03-30,DAL,DAL vs. MIN,HOME,W,5,3
2012-2013,2012020514,2013-03-30,FLA,FLA vs. NJD,HOME,W,3,2
2012-2013,2012020504,2013-03-30,MIN,MIN @ DAL,AWAY,L,3,5
2012-2013,2012020512,2013-03-30,MTL,MTL vs. NYR,HOME,W,3,0
2012-2013,2012020514,2013-03-30,NJD,NJD @ FLA,AWAY,L,2,3
2012-2013,2012020509,2013-03-30,NSH,NSH @ COL,AWAY,L,0,1
2012-2013,2012020507,2013-03-30,NYI,NYI @ PIT,AWAY,L,0,2
2012-2013,2012020512,2013-03-30,NYR,NYR @ MTL,AWAY,L,0,3
2012-2013,2012020513,2013-03-30,OTT,OTT vs. TOR,HOME,L,0,4
2012-2013,2012020506,2013-03-30,PHI,PHI vs. BOS,HOME,W,3,1
2012-2013,2012020507,2013-03-30,PIT,PIT vs. NYI,HOME,W,2,0
2012-2013,2012020513,2013-03-30,TOR,TOR @ OTT,AWAY,W,4,0
2012-2013,2012020508,2013-03-30,WPG,WPG vs. CAR,HOME,L,1,3
2012-2013,2012020511,2013-03-30,WSH,WSH @ BUF,AWAY,W,4,3
2012-2013,2012020518,2013-03-31,ANA,ANA @ CBJ,AWAY,L,1,2
2012-2013,2012020519,2013-03-31,BOS,BOS @ BUF,AWAY,W,2,0
2012-2013,2012020519,2013-03-31,BUF,BUF vs. BOS,HOME,L,0,2
2012-2013,2012020518,2013-03-31,CBJ,CBJ vs. ANA,HOME,W,2,1
2012-2013,2012020517,2013-03-31,CHI,CHI @ DET,AWAY,W,7,1
2012-2013,2012020520,2013-03-31,DAL,DAL vs. LAK,HOME,L,2,3
2012-2013,2012020517,2013-03-31,DET,DET vs. CHI,HOME,L,1,7
2012-2013,2012020515,2013-03-31,EDM,EDM vs. VAN,HOME,W,4,0
2012-2013,2012020510,2013-03-31,LAK,LAK @ MIN,AWAY,L,3,4
2012-2013,2012020520,2013-03-31,LAK,LAK @ DAL,AWAY,W,3,2
2012-2013,2012020510,2013-03-31,MIN,MIN vs. LAK,HOME,W,4,3
2012-2013,2012020521,2013-03-31,PHI,PHI vs. WSH,HOME,W,5,4
2012-2013,2012020516,2013-03-31,PHX,PHX @ SJS,AWAY,L,2,3
2012-2013,2012020516,2013-03-31,SJS,SJS vs. PHX,HOME,W,3,2
2012-2013,2012020515,2013-03-31,VAN,VAN @ EDM,AWAY,L,0,4
2012-2013,2012020521,2013-03-31,WSH,WSH @ PHI,AWAY,L,4,5
2012-2013,2012020524,2013-04-01,CAR,CAR @ MTL,AWAY,L,1,4
2012-2013,2012020525,2013-04-01,COL,COL @ DET,AWAY,L,2,3
2012-2013,2012020525,2013-04-01,DET,DET vs. COL,HOME,W,3,2
2012-2013,2012020524,2013-04-01,MTL,MTL vs. CAR,HOME,W,4,1
2012-2013,2012020522,2013-04-01,NJD,NJD vs. NYI,HOME,L,1,3
2012-2013,2012020522,2013-04-01,NYI,NYI @ NJD,AWAY,W,3,1
2012-2013,2012020523,2013-04-01,NYR,NYR vs. WPG,HOME,W,4,2
2012-2013,2012020523,2013-04-01,WPG,WPG @ NYR,AWAY,L,2,4
2012-2013,2012020528,2013-04-02,ANA,ANA @ DAL,AWAY,W,4,0
2012-2013,2012020531,2013-04-02,BOS,BOS vs. OTT,HOME,W,3,2
2012-2013,2012020534,2013-04-02,BUF,BUF @ PIT,AWAY,W,4,1
2012-2013,2012020533,2013-04-02,CAR,CAR vs. WSH,HOME,L,3,5
2012-2013,2012020529,2013-04-02,CGY,CGY @ EDM,AWAY,L,1,4
2012-2013,2012020527,2013-04-02,CHI,CHI vs. NSH,HOME,W,3,2
2012-2013,2012020528,2013-04-02,DAL,DAL vs. ANA,HOME,L,0,4
2012-2013,2012020529,2013-04-02,EDM,EDM vs. CGY,HOME,W,4,1
2012-2013,2012020535,2013-04-02,FLA,FLA @ TBL,AWAY,W,3,2
2012-2013,2012020526,2013-04-02,MIN,MIN vs. STL,HOME,L,1,4
2012-2013,2012020527,2013-04-02,NSH,NSH @ CHI,AWAY,L,2,3
2012-2013,2012020532,2013-04-02,NYI,NYI vs. WPG,HOME,W,5,2
2012-2013,2012020531,2013-04-02,OTT,OTT @ BOS,AWAY,L,2,3
2012-2013,2012020534,2013-04-02,PIT,PIT vs. BUF,HOME,L,1,4
2012-2013,2012020530,2013-04-02,SJS,SJS vs. VAN,HOME,W,3,2
2012-2013,2012020526,2013-04-02,STL,STL @ MIN,AWAY,W,4,1
2012-2013,2012020535,2013-04-02,TBL,TBL vs. FLA,HOME,L,2,3
2012-2013,2012020530,2013-04-02,VAN,VAN @ SJS,AWAY,L,2,3
2012-2013,2012020532,2013-04-02,WPG,WPG @ NYI,AWAY,L,2,5
2012-2013,2012020533,2013-04-02,WSH,WSH @ CAR,AWAY,W,5,3
2012-2013,2012020536,2013-04-03,COL,COL @ NSH,AWAY,L,1,3
2012-2013,2012020537,2013-04-03,LAK,LAK @ PHX,AWAY,L,1,3
2012-2013,2012020539,2013-04-03,MTL,MTL @ PHI,AWAY,L,3,5
2012-2013,2012020536,2013-04-03,NSH,NSH vs. COL,HOME,W,3,1
2012-2013,2012020538,2013-04-03,NYR,NYR vs. PIT,HOME,W,6,1
2012-2013,2012020539,2013-04-03,PHI,PHI vs. MTL,HOME,W,5,3
2012-2013,2012020537,2013-04-03,PHX,PHX vs. LAK,HOME,W,3,1
2012-2013,2012020538,2013-04-03,PIT,PIT @ NYR,AWAY,L,1,6
2012-2013,2012020541,2013-04-04,ANA,ANA vs. DAL,HOME,W,5,2
2012-2013,2012020543,2013-04-04,BOS,BOS vs. NJD,HOME,W,1,0
2012-2013,2012020546,2013-04-04,CAR,CAR vs. TBL,HOME,L,0,5
2012-2013,2012020540,2013-04-04,CGY,CGY vs. EDM,HOME,L,2,8
2012-2013,2012020541,2013-04-04,DAL,DAL @ ANA,AWAY,L,2,5
2012-2013,2012020540,2013-04-04,EDM,EDM @ CGY,AWAY,W,8,2
2012-2013,2012020542,2013-04-04,MIN,MIN @ SJS,AWAY,L,2,4
2012-2013,2012020547,2013-04-04,MTL,MTL vs. WPG,HOME,W,4,1
2012-2013,2012020543,2013-04-04,NJD,NJD @ BOS,AWAY,L,0,1
2012-2013,2012020545,2013-04-04,NYI,NYI @ WSH,AWAY,L,1,2
2012-2013,2012020544,2013-04-04,PHI,PHI @ TOR,AWAY,W,5,3
2012-2013,2012020542,2013-04-04,SJS,SJS vs. MIN,HOME,W,4,2
2012-2013,2012020546,2013-04-04,TBL,TBL @ CAR,AWAY,W,5,0
2012-2013,2012020544,2013-04-04,TOR,TOR vs. PHI,HOME,L,3,5
2012-2013,2012020547,2013-04-04,WPG,WPG @ MTL,AWAY,L,1,4
2012-2013,2012020545,2013-04-04,WSH,WSH vs. NYI,HOME,W,2,1
2012-2013,2012020553,2013-04-05,BUF,BUF vs. OTT,HOME,W,4,2
2012-2013,2012020548,2013-04-05,CBJ,CBJ @ NSH,AWAY,W,3,1
2012-2013,2012020549,2013-04-05,CHI,CHI vs. STL,HOME,L,3,4
2012-2013,2012020551,2013-04-05,DET,DET @ PHX,AWAY,L,2,4
2012-2013,2012020550,2013-04-05,EDM,EDM @ VAN,AWAY,L,0,4
2012-2013,2012020552,2013-04-05,LAK,LAK vs. MIN,HOME,W,3,0
2012-2013,2012020552,2013-04-05,MIN,MIN @ LAK,AWAY,L,0,3
2012-2013,2012020548,2013-04-05,NSH,NSH vs. CBJ,HOME,L,1,3
2012-2013,2012020554,2013-04-05,NYR,NYR @ PIT,AWAY,L,1,2
2012-2013,2012020553,2013-04-05,OTT,OTT @ BUF,AWAY,L,2,4
2012-2013,2012020551,2013-04-05,PHX,PHX vs. DET,HOME,W,4,2
2012-2013,2012020554,2013-04-05,PIT,PIT vs. NYR,HOME,W,2,1
2012-2013,2012020549,2013-04-05,STL,STL @ CHI,AWAY,W,4,3
2012-2013,2012020550,2013-04-05,VAN,VAN vs. EDM,HOME,W,4,0
2012-2013,2012020557,2013-04-06,ANA,ANA vs. DAL,HOME,L,1,3
2012-2013,2012020562,2013-04-06,BOS,BOS @ MTL,AWAY,L,1,2
2012-2013,2012020565,2013-04-06,CAR,CAR vs. NYR,HOME,L,1,4
2012-2013,2012020555,2013-04-06,CBJ,CBJ @ STL,AWAY,L,1,3
2012-2013,2012020558,2013-04-06,CGY,CGY @ SJS,AWAY,L,1,2
2012-2013,2012020560,2013-04-06,CHI,CHI @ NSH,AWAY,W,1,0
2012-2013,2012020556,2013-04-06,COL,COL vs. DET,HOME,L,2,3
2012-2013,2012020557,2013-04-06,DAL,DAL @ ANA,AWAY,W,3,1
2012-2013,2012020556,2013-04-06,DET,DET @ COL,AWAY,W,3,2
2012-2013,2012020561,2013-04-06,EDM,EDM @ LAK,AWAY,L,1,4
2012-2013,2012020566,2013-04-06,FLA,FLA vs. WSH,HOME,L,3,4
2012-2013,2012020561,2013-04-06,LAK,LAK vs. EDM,HOME,W,4,1
2012-2013,2012020562,2013-04-06,MTL,MTL vs. BOS,HOME,W,2,1
2012-2013,2012020563,2013-04-06,NJD,NJD vs. TOR,HOME,L,1,2
2012-2013,2012020560,2013-04-06,NSH,NSH vs. CHI,HOME,L,0,1
2012-2013,2012020564,2013-04-06,NYI,NYI vs. TBL,HOME,W,4,2
2012-2013,2012020565,2013-04-06,NYR,NYR @ CAR,AWAY,W,4,1
2012-2013,2012020559,2013-04-06,PHI,PHI @ WPG,AWAY,L,1,4
2012-2013,2012020558,2013-04-06,SJS,SJS vs. CGY,HOME,W,2,1
2012-2013,2012020555,2013-04-06,STL,STL vs. CBJ,HOME,W,3,1
2012-2013,2012020564,2013-04-06,TBL,TBL @ NYI,AWAY,L,2,4
2012-2013,2012020563,2013-04-06,TOR,TOR @ NJD,AWAY,W,2,1
2012-2013,2012020559,2013-04-06,WPG,WPG vs. PHI,HOME,W,4,1
2012-2013,2012020566,2013-04-06,WSH,WSH @ FLA,AWAY,W,4,3
2012-2013,2012020575,2013-04-07,BUF,BUF vs. NJD,HOME,W,3,2
2012-2013,2012020572,2013-04-07,CBJ,CBJ vs. MIN,HOME,L,0,3
2012-2013,2012020568,2013-04-07,CGY,CGY @ VAN,AWAY,L,2,5
2012-2013,2012020574,2013-04-07,CHI,CHI vs. NSH,HOME,W,5,3
2012-2013,2012020567,2013-04-07,COL,COL @ PHX,AWAY,L,0,4
2012-2013,2012020570,2013-04-07,DAL,DAL @ SJS,AWAY,W,5,4
2012-2013,2012020569,2013-04-07,DET,DET vs. STL,HOME,L,0,1
2012-2013,2012020571,2013-04-07,FLA,FLA vs. OTT,HOME,W,2,1
2012-2013,2012020572,2013-04-07,MIN,MIN @ CBJ,AWAY,W,3,0
2012-2013,2012020575,2013-04-07,NJD,NJD @ BUF,AWAY,L,2,3
2012-2013,2012020574,2013-04-07,NSH,NSH @ CHI,AWAY,L,3,5
2012-2013,2012020571,2013-04-07,OTT,OTT @ FLA,AWAY,L,1,2
2012-2013,2012020567,2013-04-07,PHX,PHX vs. COL,HOME,W,4,0
2012-2013,2012020570,2013-04-07,SJS,SJS vs. DAL,HOME,L,4,5
2012-2013,2012020569,2013-04-07,STL,STL @ DET,AWAY,W,1,0
2012-2013,2012020573,2013-04-07,TBL,TBL @ WSH,AWAY,L,2,4
2012-2013,2012020568,2013-04-07,VAN,VAN vs. CGY,HOME,W,5,2
2012-2013,2012020573,2013-04-07,WSH,WSH vs. TBL,HOME,W,4,2
2012-2013,2012020576,2013-04-08,ANA,ANA vs. LAK,HOME,W,4,3
2012-2013,2012020577,2013-04-08,BOS,BOS vs. CAR,HOME,W,6,2
2012-2013,2012020577,2013-04-08,CAR,CAR @ BOS,AWAY,L,2,6
2012-2013,2012020576,2013-04-08,LAK,LAK @ ANA,AWAY,L,3,4
2012-2013,2012020578,2013-04-08,NYR,NYR @ TOR,AWAY,L,3,4
2012-2013,2012020578,2013-04-08,TOR,TOR vs. NYR,HOME,W,4,3
2012-2013,2012020581,2013-04-09,ANA,ANA vs. EDM,HOME,W,2,1
2012-2013,2012020583,2013-04-09,CAR,CAR vs. PIT,HOME,L,3,5
2012-2013,2012020584,2013-04-09,CBJ,CBJ vs. SJS,HOME,W,4,0
2012-2013,2012020579,2013-04-09,CGY,CGY @ COL,AWAY,W,3,1
2012-2013,2012020579,2013-04-09,COL,COL vs. CGY,HOME,L,1,3
2012-2013,2012020581,2013-04-09,EDM,EDM @ ANA,AWAY,L,1,2
2012-2013,2012020585,2013-04-09,MTL,MTL vs. WSH,HOME,L,2,3
2012-2013,2012020582,2013-04-09,NYI,NYI vs. PHI,HOME,W,4,1
2012-2013,2012020586,2013-04-09,OTT,OTT @ TBL,AWAY,L,2,3
2012-2013,2012020582,2013-04-09,PHI,PHI @ NYI,AWAY,L,1,4
2012-2013,2012020580,2013-04-09,PHX,PHX @ VAN,AWAY,L,0,2
2012-2013,2012020583,2013-04-09,PIT,PIT @ CAR,AWAY,W,5,3
2012-2013,2012020584,2013-04-09,SJS,SJS @ CBJ,AWAY,L,0,4
2012-2013,2012020586,2013-04-09,TBL,TBL vs. OTT,HOME,W,3,2
2012-2013,2012020580,2013-04-09,VAN,VAN vs. PHX,HOME,W,2,0
2012-2013,2012020585,2013-04-09,WSH,WSH @ MTL,AWAY,W,3,2
2012-2013,2012020591,2013-04-10,BOS,BOS @ NJD,AWAY,W,5,4
2012-2013,2012020587,2013-04-10,BUF,BUF @ WPG,AWAY,L,1,4
2012-2013,2012020589,2013-04-10,CHI,CHI @ MIN,AWAY,W,1,0
2012-2013,2012020590,2013-04-10,DAL,DAL vs. LAK,HOME,W,5,1
2012-2013,2012020590,2013-04-10,LAK,LAK @ DAL,AWAY,L,1,5
2012-2013,2012020589,2013-04-10,MIN,MIN vs. CHI,HOME,L,0,1
2012-2013,2012020591,2013-04-10,NJD,NJD vs. BOS,HOME,L,4,5
2012-2013,2012020588,2013-04-10,NSH,NSH vs. STL,HOME,L,0,1
2012-2013,2012020592,2013-04-10,NYR,NYR vs. TOR,HOME,W,3,2
2012-2013,2012020588,2013-04-10,STL,STL @ NSH,AWAY,W,1,0
2012-2013,2012020592,2013-04-10,TOR,TOR @ NYR,AWAY,L,2,3
2012-2013,2012020587,2013-04-10,WPG,WPG vs. BUF,HOME,W,4,1
2012-2013,2012020595,2013-04-11,ANA,ANA vs. COL,HOME,L,1,4
2012-2013,2012020596,2013-04-11,BOS,BOS vs. NYI,HOME,L,1,2
2012-2013,2012020597,2013-04-11,BUF,BUF vs. MTL,HOME,L,1,5
2012-2013,2012020599,2013-04-11,CAR,CAR @ WSH,AWAY,L,1,3
2012-2013,2012020593,2013-04-11,CGY,CGY vs. VAN,HOME,L,1,4
2012-2013,2012020595,2013-04-11,COL,COL @ ANA,AWAY,W,4,1
2012-2013,2012020601,2013-04-11,DET,DET vs. SJS,HOME,L,2,3
2012-2013,2012020594,2013-04-11,EDM,EDM vs. PHX,HOME,L,1,3
2012-2013,2012020597,2013-04-11,MTL,MTL @ BUF,AWAY,W,5,1
2012-2013,2012020596,2013-04-11,NYI,NYI @ BOS,AWAY,W,2,1
2012-2013,2012020598,2013-04-11,OTT,OTT @ PHI,AWAY,W,3,1
2012-2013,2012020598,2013-04-11,PHI,PHI vs. OTT,HOME,L,1,3
2012-2013,2012020594,2013-04-11,PHX,PHX @ EDM,AWAY,W,3,1
2012-2013,2012020600,2013-04-11,PIT,PIT @ TBL,AWAY,W,6,3
2012-2013,2012020601,2013-04-11,SJS,SJS @ DET,AWAY,W,3,2
2012-2013,2012020600,2013-04-11,TBL,TBL vs. PIT,HOME,L,3,6
2012-2013,2012020593,2013-04-11,VAN,VAN @ CGY,AWAY,W,4,1
2012-2013,2012020599,2013-04-11,WSH,WSH vs. CAR,HOME,W,3,1
2012-2013,2012020606,2013-04-12,CBJ,CBJ vs. STL,HOME,W,4,1
2012-2013,2012020604,2013-04-12,COL,COL @ LAK,AWAY,L,2,3
2012-2013,2012020602,2013-04-12,FLA,FLA @ WPG,AWAY,L,2,7
2012-2013,2012020604,2013-04-12,LAK,LAK vs. COL,HOME,W,3,2
2012-2013,2012020603,2013-04-12,MIN,MIN vs. STL,HOME,L,0,2
2012-2013,2012020605,2013-04-12,NJD,NJD vs. OTT,HOME,L,0,2
2012-2013,2012020605,2013-04-12,OTT,OTT @ NJD,AWAY,W,2,0
2012-2013,2012020603,2013-04-12,STL,STL @ MIN,AWAY,W,2,0
2012-2013,2012020606,2013-04-12,STL,STL @ CBJ,AWAY,L,1,4
2012-2013,2012020602,2013-04-12,WPG,WPG vs. FLA,HOME,W,7,2
2012-2013,2012020615,2013-04-13,BOS,BOS @ CAR,AWAY,L,2,4
2012-2013,2012020610,2013-04-13,BUF,BUF vs. PHI,HOME,W,1,0
2012-2013,2012020615,2013-04-13,CAR,CAR vs. BOS,HOME,W,4,2
2012-2013,2012020609,2013-04-13,CGY,CGY vs. PHX,HOME,W,3,2
2012-2013,2012020608,2013-04-13,CHI,CHI vs. DET,HOME,W,3,2
2012-2013,2012020611,2013-04-13,COL,COL vs. VAN,HOME,W,4,3
2012-2013,2012020607,2013-04-13,DAL,DAL @ NSH,AWAY,W,5,2
2012-2013,2012020608,2013-04-13,DET,DET @ CHI,AWAY,L,2,3
2012-2013,2012020616,2013-04-13,FLA,FLA vs. PIT,HOME,L,1,3
2012-2013,2012020612,2013-04-13,MTL,MTL @ TOR,AWAY,L,1,5
2012-2013,2012020607,2013-04-13,NSH,NSH vs. DAL,HOME,L,2,5
2012-2013,2012020613,2013-04-13,NYI,NYI vs. NYR,HOME,L,0,1
2012-2013,2012020613,2013-04-13,NYR,NYR @ NYI,AWAY,W,1,0
2012-2013,2012020610,2013-04-13,PHI,PHI @ BUF,AWAY,L,0,1
2012-2013,2012020609,2013-04-13,PHX,PHX @ CGY,AWAY,L,2,3
2012-2013,2012020616,2013-04-13,PIT,PIT @ FLA,AWAY,W,3,1
2012-2013,2012020614,2013-04-13,TBL,TBL @ WSH,AWAY,L,5,6
2012-2013,2012020612,2013-04-13,TOR,TOR vs. MTL,HOME,W,5,1
2012-2013,2012020611,2013-04-13,VAN,VAN @ COL,AWAY,L,3,4
2012-2013,2012020614,2013-04-13,WSH,WSH vs. TBL,HOME,W,6,5
2012-2013,2012020620,2013-04-14,ANA,ANA @ LAK,AWAY,L,1,2
2012-2013,2012020622,2013-04-14,BUF,BUF vs. TBL,HOME,W,3,1
2012-2013,2012020617,2013-04-14,CBJ,CBJ @ MIN,AWAY,W,3,2
2012-2013,2012020619,2013-04-14,CGY,CGY @ EDM,AWAY,W,4,1
2012-2013,2012020621,2013-04-14,CHI,CHI @ STL,AWAY,W,2,0
2012-2013,2012020618,2013-04-14,DAL,DAL vs. SJS,HOME,W,2,1
2012-2013,2012020623,2013-04-14,DET,DET @ NSH,AWAY,W,3,0
2012-2013,2012020619,2013-04-14,EDM,EDM vs. CGY,HOME,L,1,4
2012-2013,2012020620,2013-04-14,LAK,LAK vs. ANA,HOME,W,2,1
2012-2013,2012020617,2013-04-14,MIN,MIN vs. CBJ,HOME,L,2,3
2012-2013,2012020623,2013-04-14,NSH,NSH vs. DET,HOME,L,0,3
2012-2013,2012020618,2013-04-14,SJS,SJS @ DAL,AWAY,L,1,2
2012-2013,2012020621,2013-04-14,STL,STL vs. CHI,HOME,L,0,2
2012-2013,2012020622,2013-04-14,TBL,TBL @ BUF,AWAY,L,1,3
2012-2013,2012020626,2013-04-15,MTL,MTL vs. PHI,HOME,L,3,7
2012-2013,2012020625,2013-04-15,NJD,NJD @ TOR,AWAY,L,0,2
2012-2013,2012020626,2013-04-15,PHI,PHI @ MTL,AWAY,W,7,3
2012-2013,2012020625,2013-04-15,TOR,TOR vs. NJD,HOME,W,2,0
2012-2013,2012020634,2013-04-16,CAR,CAR @ OTT,AWAY,L,2,3
2012-2013,2012020629,2013-04-16,CBJ,CBJ @ COL,AWAY,W,4,3
2012-2013,2012020630,2013-04-16,CGY,CGY vs. MIN,HOME,L,3,4
2012-2013,2012020627,2013-04-16,CHI,CHI vs. DAL,HOME,W,5,2
2012-2013,2012020629,2013-04-16,COL,COL vs. CBJ,HOME,L,3,4
2012-2013,2012020627,2013-04-16,DAL,DAL @ CHI,AWAY,L,2,5
2012-2013,2012020632,2013-04-16,FLA,FLA @ NYI,AWAY,L,2,5
2012-2013,2012020630,2013-04-16,MIN,MIN @ CGY,AWAY,W,4,3
2012-2013,2012020628,2013-04-16,NSH,NSH vs. VAN,HOME,L,2,5
2012-2013,2012020632,2013-04-16,NYI,NYI vs. FLA,HOME,W,5,2
2012-2013,2012020635,2013-04-16,NYR,NYR @ PHI,AWAY,L,2,4
2012-2013,2012020634,2013-04-16,OTT,OTT vs. CAR,HOME,W,3,2
2012-2013,2012020635,2013-04-16,PHI,PHI vs. NYR,HOME,W,4,2
2012-2013,2012020631,2013-04-16,PHX,PHX vs. SJS,HOME,L,0,4
2012-2013,2012020631,2013-04-16,SJS,SJS @ PHX,AWAY,W,4,0
2012-2013,2012020633,2013-04-16,TOR,TOR @ WSH,AWAY,L,1,5
2012-2013,2012020628,2013-04-16,VAN,VAN @ NSH,AWAY,W,5,2
2012-2013,2012020633,2013-04-16,WSH,WSH vs. TOR,HOME,W,5,1
2012-2013,2012020641,2013-04-17,BOS,BOS vs. BUF,HOME,L,2,3
2012-2013,2012020641,2013-04-17,BUF,BUF @ BOS,AWAY,W,3,2
2012-2013,2012020638,2013-04-17,EDM,EDM vs. MIN,HOME,L,3,5
2012-2013,2012020639,2013-04-17,LAK,LAK @ SJS,AWAY,L,2,3
2012-2013,2012020638,2013-04-17,MIN,MIN @ EDM,AWAY,W,5,3
2012-2013,2012020640,2013-04-17,MTL,MTL @ PIT,AWAY,L,4,6
2012-2013,2012020640,2013-04-17,PIT,PIT vs. MTL,HOME,W,6,4
2012-2013,2012020639,2013-04-17,SJS,SJS vs. LAK,HOME,W,3,2
2012-2013,2012020637,2013-04-17,STL,STL vs. VAN,HOME,W,2,1
2012-2013,2012020636,2013-04-17,TBL,TBL @ WPG,AWAY,L,3,4
2012-2013,2012020637,2013-04-17,VAN,VAN @ STL,AWAY,L,1,2
2012-2013,2012020636,2013-04-17,WPG,WPG vs. TBL,HOME,W,4,3
2012-2013,2012020643,2013-04-18,ANA,ANA vs. CBJ,HOME,L,2,3
2012-2013,2012020643,2013-04-18,CBJ,CBJ @ ANA,AWAY,W,3,2
2012-2013,2012020642,2013-04-18,CGY,CGY vs. DET,HOME,W,3,2
2012-2013,2012020642,2013-04-18,DET,DET @ CGY,AWAY,L,2,3
2012-2013,2012020645,2013-04-18,FLA,FLA @ NYR,AWAY,L,1,6
2012-2013,2012020646,2013-04-18,MTL,MTL vs. TBL,HOME,W,3,2
2012-2013,2012020648,2013-04-18,NJD,NJD @ PHI,AWAY,W,3,0
2012-2013,2012020644,2013-04-18,NYI,NYI @ TOR,AWAY,W,5,3
2012-2013,2012020645,2013-04-18,NYR,NYR vs. FLA,HOME,W,6,1
2012-2013,2012020647,2013-04-18,OTT,OTT vs. WSH,HOME,W,3,1
2012-2013,2012020648,2013-04-18,PHI,PHI vs. NJD,HOME,L,0,3
2012-2013,2012020646,2013-04-18,TBL,TBL @ MTL,AWAY,L,2,3
2012-2013,2012020644,2013-04-18,TOR,TOR vs. NYI,HOME,L,3,5
2012-2013,2012020647,2013-04-18,WSH,WSH @ OTT,AWAY,L,1,3
2012-2013,2012020655,2013-04-19,BUF,BUF vs. NYR,HOME,L,4,8
2012-2013,2012020649,2013-04-19,CAR,CAR @ WPG,AWAY,L,3,4
2012-2013,2012020652,2013-04-19,CBJ,CBJ @ LAK,AWAY,L,1,2
2012-2013,2012020651,2013-04-19,DAL,DAL vs. VAN,HOME,W,5,1
2012-2013,2012020652,2013-04-19,LAK,LAK vs. CBJ,HOME,W,2,1
2012-2013,2012020653,2013-04-19,MIN,MIN @ SJS,AWAY,L,1,6
2012-2013,2012020655,2013-04-19,NYR,NYR @ BUF,AWAY,W,8,4
2012-2013,2012020650,2013-04-19,PHX,PHX @ STL,AWAY,L,1,2
2012-2013,2012020653,2013-04-19,SJS,SJS vs. MIN,HOME,W,6,1
2012-2013,2012020650,2013-04-19,STL,STL vs. PHX,HOME,W,2,1
2012-2013,2012020651,2013-04-19,VAN,VAN @ DAL,AWAY,L,1,5
2012-2013,2012020649,2013-04-19,WPG,WPG vs. CAR,HOME,W,4,3
2012-2013,2012020659,2013-04-20,ANA,ANA @ CGY,AWAY,L,1,3
2012-2013,2012020654,2013-04-20,BOS,BOS vs. PIT,HOME,L,2,3
2012-2013,2012020665,2013-04-20,CAR,CAR vs. PHI,HOME,L,3,5
2012-2013,2012020659,2013-04-20,CGY,CGY vs. ANA,HOME,W,3,1
2012-2013,2012020657,2013-04-20,CHI,CHI vs. NSH,HOME,W,5,4
2012-2013,2012020658,2013-04-20,COL,COL vs. EDM,HOME,L,1,4
2012-2013,2012020656,2013-04-20,DAL,DAL @ STL,AWAY,L,1,2
2012-2013,2012020658,2013-04-20,EDM,EDM @ COL,AWAY,W,4,1
2012-2013,2012020660,2013-04-20,FLA,FLA @ NJD,AWAY,L,2,6
2012-2013,2012020662,2013-04-20,MTL,MTL vs. WSH,HOME,L,1,5
2012-2013,2012020660,2013-04-20,NJD,NJD vs. FLA,HOME,W,6,2
2012-2013,2012020657,2013-04-20,NSH,NSH @ CHI,AWAY,L,4,5
2012-2013,2012020661,2013-04-20,NYI,NYI @ WPG,AWAY,W,5,4
2012-2013,2012020663,2013-04-20,OTT,OTT vs. TOR,HOME,L,1,4
2012-2013,2012020665,2013-04-20,PHI,PHI @ CAR,AWAY,W,5,3
2012-2013,2012020654,2013-04-20,PIT,PIT @ BOS,AWAY,W,3,2
2012-2013,2012020656,2013-04-20,STL,STL vs. DAL,HOME,W,2,1
2012-2013,2012020663,2013-04-20,TOR,TOR @ OTT,AWAY,W,4,1
2012-2013,2012020661,2013-04-20,WPG,WPG vs. NYI,HOME,L,4,5
2012-2013,2012020662,2013-04-20,WSH,WSH @ MTL,AWAY,W,5,1
2012-2013,2012020668,2013-04-21,BOS,BOS vs. FLA,HOME,W,3,0
2012-2013,2012020669,2013-04-21,CAR,CAR @ TBL,AWAY,W,3,2
2012-2013,2012020670,2013-04-21,CGY,CGY @ MIN,AWAY,W,4,1
2012-2013,2012020666,2013-04-21,CHI,CHI vs. PHX,HOME,L,2,3
2012-2013,2012020667,2013-04-21,DET,DET @ VAN,AWAY,L,1,2
2012-2013,2012020668,2013-04-21,FLA,FLA @ BOS,AWAY,L,0,3
2012-2013,2012020670,2013-04-21,MIN,MIN vs. CGY,HOME,L,1,4
2012-2013,2012020671,2013-04-21,NJD,NJD @ NYR,AWAY,L,1,4
2012-2013,2012020671,2013-04-21,NYR,NYR vs. NJD,HOME,W,4,1
2012-2013,2012020666,2013-04-21,PHX,PHX @ CHI,AWAY,W,3,2
2012-2013,2012020669,2013-04-21,TBL,TBL vs. CAR,HOME,L,2,3
2012-2013,2012020667,2013-04-21,VAN,VAN vs. DET,HOME,W,2,1
2012-2013,2012020673,2013-04-22,ANA,ANA @ EDM,AWAY,W,3,1
2012-2013,2012020676,2013-04-22,BUF,BUF vs. WPG,HOME,L,1,2
2012-2013,2012020674,2013-04-22,CBJ,CBJ @ SJS,AWAY,W,4,3
2012-2013,2012020672,2013-04-22,COL,COL vs. STL,HOME,W,5,3
2012-2013,2012020675,2013-04-22,DAL,DAL @ LAK,AWAY,L,3,4
2012-2013,2012020678,2013-04-22,DET,DET vs. PHX,HOME,W,4,0
2012-2013,2012020673,2013-04-22,EDM,EDM vs. ANA,HOME,L,1,3
2012-2013,2012020675,2013-04-22,LAK,LAK vs. DAL,HOME,W,4,3
2012-2013,2012020677,2013-04-22,OTT,OTT vs. PIT,HOME,L,1,3
2012-2013,2012020678,2013-04-22,PHX,PHX @ DET,AWAY,L,0,4
2012-2013,2012020677,2013-04-22,PIT,PIT @ OTT,AWAY,W,3,1
2012-2013,2012020674,2013-04-22,SJS,SJS vs. CBJ,HOME,L,3,4
2012-2013,2012020672,2013-04-22,STL,STL @ COL,AWAY,L,3,5
2012-2013,2012020676,2013-04-22,WPG,WPG @ BUF,AWAY,W,2,1
2012-2013,2012020679,2013-04-23,ANA,ANA @ EDM,AWAY,W,3,0
2012-2013,2012020684,2013-04-23,BOS,BOS @ PHI,AWAY,L,2,5
2012-2013,2012020664,2013-04-23,BUF,BUF @ PIT,AWAY,W,4,2
2012-2013,2012020683,2013-04-23,CAR,CAR vs. NYI,HOME,W,4,3
2012-2013,2012020680,2013-04-23,CHI,CHI @ VAN,AWAY,L,1,3
2012-2013,2012020679,2013-04-23,EDM,EDM vs. ANA,HOME,L,0,3
2012-2013,2012020685,2013-04-23,FLA,FLA vs. NYR,HOME,W,3,2
2012-2013,2012020681,2013-04-23,MTL,MTL @ NJD,AWAY,L,2,3
2012-2013,2012020681,2013-04-23,NJD,NJD vs. MTL,HOME,W,3,2
2012-2013,2012020683,2013-04-23,NYI,NYI @ CAR,AWAY,L,3,4
2012-2013,2012020685,2013-04-23,NYR,NYR @ FLA,AWAY,L,2,3
2012-2013,2012020684,2013-04-23,PHI,PHI vs. BOS,HOME,W,5,2
2012-2013,2012020664,2013-04-23,PIT,PIT vs. BUF,HOME,L,2,4
2012-2013,2012020680,2013-04-23,VAN,VAN vs. CHI,HOME,W,3,1
2012-2013,2012020682,2013-04-23,WPG,WPG @ WSH,AWAY,L,3,5
2012-2013,2012020682,2013-04-23,WSH,WSH vs. WPG,HOME,W,5,3
2012-2013,2012020687,2013-04-24,CGY,CGY @ NSH,AWAY,L,3,4
2012-2013,2012020686,2013-04-24,COL,COL @ STL,AWAY,L,1,3
2012-2013,2012020689,2013-04-24,DAL,DAL @ SJS,AWAY,L,2,3
2012-2013,2012020691,2013-04-24,DET,DET vs. LAK,HOME,W,3,1
2012-2013,2012020688,2013-04-24,LAK,LAK @ MIN,AWAY,L,1,2
2012-2013,2012020691,2013-04-24,LAK,LAK @ DET,AWAY,L,1,3
2012-2013,2012020688,2013-04-24,MIN,MIN vs. LAK,HOME,W,2,1
2012-2013,2012020687,2013-04-24,NSH,NSH vs. CGY,HOME,W,4,3
2012-2013,2012020689,2013-04-24,SJS,SJS vs. DAL,HOME,W,3,2
2012-2013,2012020686,2013-04-24,STL,STL vs. COL,HOME,W,3,1
2012-2013,2012020690,2013-04-24,TBL,TBL vs. TOR,HOME,W,5,2
2012-2013,2012020690,2013-04-24,TOR,TOR @ TBL,AWAY,L,2,5
2012-2013,2012020154,2013-04-25,BOS,BOS vs. TBL,HOME,W,2,0
2012-2013,2012020696,2013-04-25,CAR,CAR vs. NYR,HOME,L,3,4
2012-2013,2012020692,2013-04-25,CHI,CHI @ EDM,AWAY,W,4,1
2012-2013,2012020699,2013-04-25,DET,DET vs. NSH,HOME,W,5,2
2012-2013,2012020692,2013-04-25,EDM,EDM vs. CHI,HOME,L,1,4
2012-2013,2012020698,2013-04-25,FLA,FLA vs. TOR,HOME,L,0,4
2012-2013,2012020697,2013-04-25,NJD,NJD vs. PIT,HOME,W,3,2
2012-2013,2012020699,2013-04-25,NSH,NSH @ DET,AWAY,L,2,5
2012-2013,2012020694,2013-04-25,NYI,NYI @ PHI,AWAY,L,1,2
2012-2013,2012020696,2013-04-25,NYR,NYR @ CAR,AWAY,W,4,3
2012-2013,2012020695,2013-04-25,OTT,OTT @ WSH,AWAY,W,2,1
2012-2013,2012020694,2013-04-25,PHI,PHI vs. NYI,HOME,W,2,1
2012-2013,2012020693,2013-04-25,PHX,PHX vs. SJS,HOME,W,2,1
2012-2013,2012020697,2013-04-25,PIT,PIT @ NJD,AWAY,L,2,3
2012-2013,2012020693,2013-04-25,SJS,SJS @ PHX,AWAY,L,1,2
2012-2013,2012020154,2013-04-25,TBL,TBL @ BOS,AWAY,L,0,2
2012-2013,2012020698,2013-04-25,TOR,TOR @ FLA,AWAY,W,4,0
2012-2013,2012020695,2013-04-25,WSH,WSH vs. OTT,HOME,L,1,2
2012-2013,2012020703,2013-04-26,ANA,ANA @ VAN,AWAY,W,3,1
2012-2013,2012020704,2013-04-26,BUF,BUF vs. NYI,HOME,W,2,1
2012-2013,2012020702,2013-04-26,CBJ,CBJ @ DAL,AWAY,W,3,1
2012-2013,2012020701,2013-04-26,CGY,CGY @ STL,AWAY,L,1,4
2012-2013,2012020702,2013-04-26,DAL,DAL vs. CBJ,HOME,L,1,3
2012-2013,2012020700,2013-04-26,MTL,MTL @ WPG,AWAY,W,4,2
2012-2013,2012020704,2013-04-26,NYI,NYI @ BUF,AWAY,L,1,2
2012-2013,2012020701,2013-04-26,STL,STL vs. CGY,HOME,W,4,1
2012-2013,2012020703,2013-04-26,VAN,VAN vs. ANA,HOME,L,1,3
2012-2013,2012020700,2013-04-26,WPG,WPG vs. MTL,HOME,L,2,4
2012-2013,2012020711,2013-04-27,BOS,BOS @ WSH,AWAY,L,2,3
2012-2013,2012020710,2013-04-27,CAR,CAR @ PIT,AWAY,L,3,8
2012-2013,2012020713,2013-04-27,CBJ,CBJ vs. NSH,HOME,W,3,1
2012-2013,2012020706,2013-04-27,CGY,CGY @ CHI,AWAY,L,1,3
2012-2013,2012020706,2013-04-27,CHI,CHI vs. CGY,HOME,W,3,1
2012-2013,2012020707,2013-04-27,COL,COL @ PHX,AWAY,W,5,4
2012-2013,2012020715,2013-04-27,COL,COL vs. MIN,HOME,L,1,3
2012-2013,2012020717,2013-04-27,DAL,DAL vs. DET,HOME,L,0,3
2012-2013,2012020717,2013-04-27,DET,DET @ DAL,AWAY,W,3,0
2012-2013,2012020705,2013-04-27,EDM,EDM @ MIN,AWAY,W,6,1
2012-2013,2012020712,2013-04-27,FLA,FLA @ TBL,AWAY,W,5,3
2012-2013,2012020705,2013-04-27,MIN,MIN vs. EDM,HOME,L,1,6
2012-2013,2012020715,2013-04-27,MIN,MIN @ COL,AWAY,W,3,1
2012-2013,2012020708,2013-04-27,MTL,MTL @ TOR,AWAY,W,4,1
2012-2013,2012020714,2013-04-27,NJD,NJD @ NYR,AWAY,L,0,4
2012-2013,2012020713,2013-04-27,NSH,NSH @ CBJ,AWAY,L,1,3
2012-2013,2012020714,2013-04-27,NYR,NYR vs. NJD,HOME,W,4,0
2012-2013,2012020709,2013-04-27,OTT,OTT vs. PHI,HOME,L,1,2
2012-2013,2012020709,2013-04-27,PHI,PHI @ OTT,AWAY,W,2,1
2012-2013,2012020707,2013-04-27,PHX,PHX vs. COL,HOME,L,4,5
2012-2013,2012020710,2013-04-27,PIT,PIT vs. CAR,HOME,W,8,3
2012-2013,2012020712,2013-04-27,TBL,TBL vs. FLA,HOME,L,3,5
2012-2013,2012020708,2013-04-27,TOR,TOR vs. MTL,HOME,L,1,4
2012-2013,2012020711,2013-04-27,WSH,WSH vs. BOS,HOME,W,3,2
2012-2013,2012020719,2013-04-28,ANA,ANA vs. PHX,HOME,L,3,5
2012-2013,2012020624,2013-04-28,BOS,BOS vs. OTT,HOME,L,2,4
2012-2013,2012020716,2013-04-28,CHI,CHI @ STL,AWAY,L,1,3
2012-2013,2012020718,2013-04-28,EDM,EDM vs. VAN,HOME,W,7,2
2012-2013,2012020720,2013-04-28,LAK,LAK vs. SJS,HOME,W,3,2
2012-2013,2012020624,2013-04-28,OTT,OTT @ BOS,AWAY,W,4,2
2012-2013,2012020719,2013-04-28,PHX,PHX @ ANA,AWAY,W,5,3
2012-2013,2012020720,2013-04-28,SJS,SJS @ LAK,AWAY,L,2,3
2012-2013,2012020716,2013-04-28,STL,STL vs. CHI,HOME,W,3,1
2012-2013,2012020718,2013-04-28,VAN,VAN @ EDM,AWAY,L,2,7
