game_id,date,matchup,bet_side,total_line,over_odds,under_odds,predicted_total,total_advantage,cover_prob,confidence,bet_size_fraction,bet_amount,potential_profit,book,type,result,reason,timestamp
22500212,2025-11-11 00:00:00+00:00,DEN @ SAC,Under,242.5,-105.0,-115.0,234.1624450683593,8.337554931640625,0.7063404480689769,1.0,0.092157990837075,13,11.304347826086955,betmgm,total,W,"Predicted: 234.2, Line: 242.5, Edge: 8.3pts, Probability: 70.6%, Confidence: 100.0%",2025-11-11 20:11:47.687742
22500213,2025-11-12 00:00:00+00:00,MIL @ CHA,Over,229.5,-105.0,-115.0,237.73013305664065,8.230133056640625,0.7051408094304059,1.0,0.098884664833083,16,15.238095238095235,betmgm,total,L,"Predicted: 237.7, Line: 229.5, Edge: 8.2pts, Probability: 70.5%, Confidence: 100.0%",2025-11-12 12:16:13.629031
22500219,2025-11-12 00:00:00+00:00,POR @ NOP,Over,231.5,-110.0,-110.0,238.2298889160156,6.729888916015625,0.6885356196851493,1.0,0.0864812003347033,14,12.727272727272728,betmgm,total,W,"Predicted: 238.2, Line: 231.5, Edge: 6.7pts, Probability: 68.9%, Confidence: 100.0%",2025-11-12 12:16:13.629031
22500226,2025-11-13 00:00:00+00:00,IND @ PHX,Under,232.5,-115.0,-110.0,23.736331939697266,208.7636680603028,0.9499999989504186,1.0,0.1,10,9.093809523809524,betmgm,total,W,"Predicted: 23.7, Line: 232.5, Edge: 208.8pts, Probability: 95.0%, Confidence: 100.0%",2025-11-13 12:08:17.602584
22500225,2025-11-13 00:00:00+00:00,TOR @ CLE,Under,238.5,-110.0,-110.0,32.89136505126953,205.60863494873047,0.9499999985610774,1.0,0.1,10,9.09090909090909,betmgm,total,L,"Predicted: 32.9, Line: 238.5, Edge: 205.6pts, Probability: 95.0%, Confidence: 100.0%",2025-11-13 12:24:35.673435
22500040,2025-11-14 00:00:00+00:00,BKN @ ORL,Over,225.5,-105.0,-115.0,231.23684692382807,5.736846923828125,0.6777529450122539,0.2868423461914062,0.0848483843187801,9,8.571428571428571,betmgm,total,L,"Predicted: 231.2, Line: 225.5, Edge: 5.7pts, Probability: 67.8%, Confidence: 28.7%",2025-11-14 02:22:17.913306
22500047,2025-11-14 00:00:00+00:00,GSW @ SAS,Under,234.5,-110.0,-110.0,228.89236450195312,5.607635498046875,0.6763653153135787,0.2803817749023437,0.0800917905396288,9,8.181818181818182,betmgm,total,W,"Predicted: 228.9, Line: 234.5, Edge: 5.6pts, Probability: 67.6%, Confidence: 28.0%",2025-11-14 02:22:17.913306
22500045,2025-11-14 00:00:00+00:00,LAL @ NOP,Over,228.5,-110.0,-110.0,233.61102294921875,5.11102294921875,0.671068973537716,0.2555511474609375,0.0773112111073009,9,8.181818181818182,betmgm,total,L,"Predicted: 233.6, Line: 228.5, Edge: 5.1pts, Probability: 67.1%, Confidence: 25.6%",2025-11-14 02:22:17.913306
22500228,2025-11-15 00:00:00+00:00,MEM @ CLE,Under,240.5,-115.0,-105.0,233.85989379882807,6.640106201171875,0.6875528145798927,0.3320053100585937,0.0898708174721949,4,3.809523809523809,betmgm,total,W,"Predicted: 233.9, Line: 240.5, Edge: 6.6pts, Probability: 68.8%, Confidence: 33.2%",2025-11-15 13:46:25.877633
22500229,2025-11-15 00:00:00+00:00,OKC @ CHA,Over,224.5,-105.0,-115.0,229.5245056152344,5.024505615234375,0.6701525295971729,0.2512252807617187,0.080953171418551,3,2.8571428571428568,betmgm,total,L,"Predicted: 229.5, Line: 224.5, Edge: 5.0pts, Probability: 67.0%, Confidence: 25.1%",2025-11-15 13:46:25.877633
22500236,2025-11-16 00:00:00+00:00,ORL @ HOU,Over,224.5,-105.0,-115.0,233.747787475586,9.247787475585938,0.7165415970282066,0.4623893737792969,0.1,4,3.809523809523809,betmgm,total,W,"Predicted: 233.7, Line: 224.5, Edge: 9.2pts, Probability: 71.7%, Confidence: 46.2%",2025-11-16 13:31:05.733395
22500240,2025-11-16 00:00:00+00:00,CHI @ UTA,Under,244.5,-115.0,-105.0,237.40255737304688,7.097442626953125,0.6925735667728262,0.3548721313476562,0.0924439529710734,4,3.809523809523809,betmgm,total,L,"Predicted: 237.4, Line: 244.5, Edge: 7.1pts, Probability: 69.3%, Confidence: 35.5%",2025-11-16 13:31:05.733395
22500238,2025-11-16 00:00:00+00:00,POR @ DAL,Under,237.5,-110.0,-110.0,230.76828002929688,6.731719970703125,0.6885556783115556,0.3365859985351562,0.0864917311135667,4,3.636363636363636,betmgm,total,L,"Predicted: 230.8, Line: 237.5, Edge: 6.7pts, Probability: 68.9%, Confidence: 33.7%",2025-11-16 13:31:05.733395
22500233,2025-11-16 00:00:00+00:00,LAC @ BOS,Under,228.5,-110.0,-118.0,222.1244201660156,6.375579833984375,0.6846658481242087,0.3187789916992187,0.0781428872276937,3,2.542372881355932,betmgm,total,L,"Predicted: 222.1, Line: 228.5, Edge: 6.4pts, Probability: 68.5%, Confidence: 31.9%",2025-11-16 13:31:05.733395
22500243,2025-11-17 00:00:00+00:00,LAC @ PHI,Over,220.5,-110.0,-110.0,232.7371520996093,12.237152099609377,0.7500635156085041,0.6118576049804687,0.1,5,4.545454545454545,betmgm,total,L,"Predicted: 232.7, Line: 220.5, Edge: 12.2pts, Probability: 75.0%, Confidence: 61.2%",2025-11-17 11:50:58.143815
22500244,2025-11-17 00:00:00+00:00,NYK @ MIA,Under,244.5,-110.0,-110.0,238.5452880859375,5.9547119140625,0.6801011298089479,0.297735595703125,0.0820530931496976,4,3.636363636363636,betmgm,total,W,"Predicted: 238.5, Line: 244.5, Edge: 6.0pts, Probability: 68.0%, Confidence: 29.8%",2025-11-17 11:50:58.143815
22500248,2025-11-17 00:00:00+00:00,CHI @ DEN,Under,239.5,-115.0,-105.0,234.10157775878903,5.3984222412109375,0.6741267780668481,0.2699211120605468,0.0829899737592596,4,3.809523809523809,betmgm,total,L,"Predicted: 234.1, Line: 239.5, Edge: 5.4pts, Probability: 67.4%, Confidence: 27.0%",2025-11-17 11:50:58.143815
22500245,2025-11-17 00:00:00+00:00,CHA @ TOR,Under,240.5,-105.0,-115.0,234.52590942382807,5.974090576171875,0.6803104989271272,0.2987045288085937,0.0781668931733309,4,3.4782608695652173,betmgm,total,W,"Predicted: 234.5, Line: 240.5, Edge: 6.0pts, Probability: 68.0%, Confidence: 29.9%",2025-11-17 11:50:58.143815
22500262,2025-11-19 00:00:00+00:00,NYK @ DAL,Over,230.5,-115.0,-105.0,237.1175079345703,6.6175079345703125,0.6873056727420833,0.3308753967285156,0.0819267990988698,5,4.3478260869565215,betmgm,total,L,"Predicted: 237.1, Line: 230.5, Edge: 6.6pts, Probability: 68.7%, Confidence: 33.1%",2025-11-19 11:06:04.048457
22500256,2025-11-19 00:00:00+00:00,CHA @ IND,Under,237.5,-110.0,-110.0,231.9849090576172,5.5150909423828125,0.6753738319593501,0.2757545471191406,0.0795712617786588,5,4.545454545454545,betmgm,total,L,"Predicted: 232.0, Line: 237.5, Edge: 5.5pts, Probability: 67.5%, Confidence: 27.6%",2025-11-19 11:06:04.048457
22500264,2025-11-20 00:00:00+00:00,LAC @ ORL,Over,218.5,-110.0,-110.0,228.65538024902344,10.155380249023438,0.7267479926334683,0.5077690124511719,0.1,8,7.272727272727272,betmgm,total,W,"Predicted: 228.7, Line: 218.5, Edge: 10.2pts, Probability: 72.7%, Confidence: 50.8%",2025-11-20 11:25:01.860813
22500266,2025-11-20 00:00:00+00:00,PHI @ MIL,Over,224.5,-110.0,-110.0,233.19764709472656,8.697647094726562,0.7103692036650553,0.4348823547363281,0.097943831924154,8,7.272727272727272,betmgm,total,W,"Predicted: 233.2, Line: 224.5, Edge: 8.7pts, Probability: 71.0%, Confidence: 43.5%",2025-11-20 11:25:01.860813
22500051,2025-11-21 00:00:00+00:00,MIA @ CHI,Under,249.5,-115.0,-105.0,241.78094482421875,7.71905517578125,0.6994500489319379,0.3859527587890625,0.0959681500776181,7,6.666666666666666,betmgm,total,L,"Predicted: 241.8, Line: 249.5, Edge: 7.7pts, Probability: 69.9%, Confidence: 38.6%",2025-11-21 12:24:07.324304
22500048,2025-11-21 00:00:00+00:00,IND @ CLE,Under,240.5,-105.0,-115.0,233.45640563964844,7.0435943603515625,0.6919805875252039,0.3521797180175781,0.084439565794797,6,5.217391304347826,betmgm,total,W,"Predicted: 233.5, Line: 240.5, Edge: 7.0pts, Probability: 69.2%, Confidence: 35.2%",2025-11-21 12:24:07.324304
22500050,2025-11-21 00:00:00+00:00,WAS @ TOR,Under,240.5,-105.0,-115.0,234.5829925537109,5.917007446289063,0.6796939990256126,0.2958503723144531,0.0778355244762667,5,4.3478260869565215,betmgm,total,L,"Predicted: 234.6, Line: 240.5, Edge: 5.9pts, Probability: 68.0%, Confidence: 29.6%",2025-11-21 12:24:07.324304
22500272,2025-11-22 00:00:00+00:00,DET @ MIL,Over,223.5,-110.0,-110.0,236.80813598632807,13.308135986328123,0.7618807961347267,0.6654067993164062,0.1,7,6.363636363636363,betmgm,total,W,"Predicted: 236.8, Line: 223.5, Edge: 13.3pts, Probability: 76.2%, Confidence: 66.5%",2025-11-22 13:40:33.512424
22500271,2025-11-22 00:00:00+00:00,WAS @ CHI,Under,243.5,-115.0,-105.0,237.29644775390625,6.20355224609375,0.6827956591003006,0.3101776123046875,0.087432775288904,6,5.7142857142857135,betmgm,total,W,"Predicted: 237.3, Line: 243.5, Edge: 6.2pts, Probability: 68.3%, Confidence: 31.0%",2025-11-22 13:40:33.512424
22500282,2025-11-23 00:00:00+00:00,LAL @ UTA,Under,244.5,-110.0,-110.0,234.60797119140625,9.89202880859375,0.723785335896894,0.4946014404296875,0.1,7,6.363636363636363,betmgm,total,W,"Predicted: 234.6, Line: 244.5, Edge: 9.9pts, Probability: 72.4%, Confidence: 49.5%",2025-11-23 13:45:34.374939
22500290,2025-11-24 00:00:00+00:00,HOU @ PHX,Over,224.5,-105.0,-115.0,232.6160888671875,8.1160888671875,0.7038684614765527,0.405804443359375,0.0982325865067332,7,6.666666666666666,betmgm,total,L,"Predicted: 232.6, Line: 224.5, Edge: 8.1pts, Probability: 70.4%, Confidence: 40.6%",2025-11-24 13:24:54.734503
22500065,2025-11-26 00:00:00+00:00,MEM @ NOP,Under,235.5,-110.0,-110.0,224.4433441162109,11.056655883789062,0.7368763305981063,0.5528327941894531,0.1,8,7.272727272727272,betmgm,total,L,"Predicted: 224.4, Line: 235.5, Edge: 11.1pts, Probability: 73.7%, Confidence: 55.3%",2025-11-26 12:30:45.994503
22500071,2025-11-28 00:00:00+00:00,CHI @ CHA,Under,249.5,-105.0,-115.0,236.866943359375,12.633056640625,0.7544519253143225,0.63165283203125,0.1,10,8.695652173913043,betmgm,total,W,"Predicted: 236.9, Line: 249.5, Edge: 12.6pts, Probability: 75.4%, Confidence: 63.2%",2025-11-28 13:32:41.815878
22500300,2025-11-29 00:00:00+00:00,DAL @ LAC,Over,223.5,-110.0,-110.0,232.0657653808593,8.565765380859375,0.7088924624654837,0.4282882690429687,0.0971685427943789,10,9.09090909090909,betmgm,total,W,"Predicted: 232.1, Line: 223.5, Edge: 8.6pts, Probability: 70.9%, Confidence: 42.8%",2025-11-29 13:54:07.837067
22500327,2025-12-03 00:00:00+00:00,LAC @ ATL,Over,226.5,-110.0,-110.0,237.2778167724609,10.777816772460938,0.7337460296858943,0.5388908386230469,0.1,13,11.818181818181818,betmgm,total,L,"Predicted: 237.3, Line: 226.5, Edge: 10.8pts, Probability: 73.4%, Confidence: 53.9%",2025-12-03 12:59:12.023599
22500348,2025-12-05 00:00:00+00:00,PHI @ MIL,Over,221.5,-115.0,-105.0,231.9012908935547,10.401290893554688,0.7295139168222452,0.5200645446777343,0.1,11,9.565217391304348,betmgm,total,L,"Predicted: 231.9, Line: 221.5, Edge: 10.4pts, Probability: 73.0%, Confidence: 52.0%",2025-12-05 14:29:49.315216
22500341,2025-12-05 00:00:00+00:00,SAS @ CLE,Under,239.5,-105.0,-115.0,231.36720275878903,8.132797241210938,0.704054787262592,0.4066398620605468,0.0909294481536431,10,8.695652173913043,betmgm,total,L,"Predicted: 231.4, Line: 239.5, Edge: 8.1pts, Probability: 70.4%, Confidence: 40.7%",2025-12-05 14:29:49.315216
22500354,2025-12-06 00:00:00+00:00,SAC @ MIA,Under,240.5,-110.0,-110.0,232.1070098876953,8.392990112304688,0.7069599454752974,0.4196495056152344,0.0961539713745311,10,9.09090909090909,betmgm,total,W,"Predicted: 232.1, Line: 240.5, Edge: 8.4pts, Probability: 70.7%, Confidence: 42.0%",2025-12-06 13:27:02.509115
22500358,2025-12-07 00:00:00+00:00,BOS @ TOR,Under,247.5,-110.0,-118.0,227.3504943847656,20.14950561523437,0.8302945387039365,1.0,0.1,12,10.169491525423728,betmgm,total,W,"Predicted: 227.4, Line: 247.5, Edge: 20.1pts, Probability: 83.0%, Confidence: 100.0%",2025-12-07 15:54:15.003040
22501213,2025-12-12 00:00:00+00:00,UTA @ MEM,Under,242.5,-115.0,-105.0,229.17076110839844,13.329238891601562,0.7621117851103307,0.6664619445800781,0.1,14,13.333333333333332,betmgm,total,L,"Predicted: 229.2, Line: 242.5, Edge: 13.3pts, Probability: 76.2%, Confidence: 66.6%",2025-12-12 13:19:27.572726
22501212,2025-12-12 00:00:00+00:00,CLE @ WAS,Under,245.5,-110.0,-110.0,234.4923095703125,11.0076904296875,0.7363269341040741,0.550384521484375,0.1,14,12.727272727272728,betmgm,total,L,"Predicted: 234.5, Line: 245.5, Edge: 11.0pts, Probability: 73.6%, Confidence: 55.0%",2025-12-12 13:19:27.572726
22501217,2025-12-14 00:00:00+00:00,PHI @ ATL,Over,223.5,-105.0,-125.0,234.88092041015625,11.38092041015625,0.7405107140950062,0.5690460205078125,0.1,13,12.38095238095238,betmgm,total,W,"Predicted: 234.9, Line: 223.5, Edge: 11.4pts, Probability: 74.1%, Confidence: 56.9%",2025-12-14 16:11:26.700145
22501223,2025-12-14 00:00:00+00:00,NOP @ CHI,Under,248.5,-110.0,-110.0,237.4355926513672,11.064407348632812,0.7369632898336866,0.5532203674316406,0.1,13,11.818181818181818,betmgm,total,W,"Predicted: 237.4, Line: 248.5, Edge: 11.1pts, Probability: 73.7%, Confidence: 55.3%",2025-12-14 16:11:26.700145
22501221,2025-12-14 00:00:00+00:00,GSW @ POR,Under,236.5,-110.0,-110.0,226.7242431640625,9.7757568359375,0.7224773701121072,0.488787841796875,0.1,13,11.818181818181818,betmgm,total,L,"Predicted: 226.7, Line: 236.5, Edge: 9.8pts, Probability: 72.2%, Confidence: 48.9%",2025-12-14 16:11:26.700145
22500384,2025-12-19 00:00:00+00:00,CHI @ CLE,Under,240.5,-110.0,-110.0,232.4685211181641,8.031478881835938,0.7029253754532452,0.4015739440917968,0.0940358221129537,19,17.272727272727273,betmgm,total,L,"Predicted: 232.5, Line: 240.5, Edge: 8.0pts, Probability: 70.3%, Confidence: 40.2%",2025-12-19 12:58:53.690020
22500396,2025-12-21 00:00:00+00:00,CHI @ ATL,Under,248.5,-110.0,-110.0,236.883529663086,11.616470336914062,0.7431457963729742,0.5808235168457031,0.1,26,23.63636363636364,betmgm,total,L,"Predicted: 236.9, Line: 248.5, Edge: 11.6pts, Probability: 74.3%, Confidence: 58.1%",2025-12-21 12:36:32.967338
22500398,2025-12-21 00:00:00+00:00,MIA @ NYK,Under,236.5,-110.0,-110.0,228.23843383789065,8.261566162109375,0.7054917254073486,0.4130783081054687,0.095383155838858,25,22.727272727272727,betmgm,total,L,"Predicted: 228.2, Line: 236.5, Edge: 8.3pts, Probability: 70.5%, Confidence: 41.3%",2025-12-21 12:36:32.967338
22500405,2025-12-22 00:00:00+00:00,UTA @ DEN,Under,250.5,-110.0,-110.0,241.54737854003903,8.952621459960938,0.7132277512725494,0.4476310729980469,0.0994445694180884,33,30.0,betmgm,total,W,"Predicted: 241.5, Line: 250.5, Edge: 9.0pts, Probability: 71.3%, Confidence: 44.8%",2025-12-22 13:24:15.748599
22500411,2025-12-23 00:00:00+00:00,CHI @ ATL,Under,254.5,-110.0,-110.0,236.3768005371093,18.123199462890625,0.8116716426524693,0.9061599731445312,0.1,25,22.727272727272727,betmgm,total,W,"Predicted: 236.4, Line: 254.5, Edge: 18.1pts, Probability: 81.2%, Confidence: 90.6%",2025-12-23 15:30:08.673262
22500422,2025-12-23 00:00:00+00:00,HOU @ LAC,Over,219.5,-110.0,-110.0,230.33192443847656,10.831924438476562,0.7343537557898662,0.5415962219238282,0.1,25,22.727272727272727,betmgm,total,W,"Predicted: 230.3, Line: 219.5, Edge: 10.8pts, Probability: 73.4%, Confidence: 54.2%",2025-12-23 15:30:08.673262
22500412,2025-12-23 00:00:00+00:00,NOP @ CLE,Under,248.5,-110.0,-110.0,240.1560974121093,8.343902587890625,0.7064113699284005,0.4171951293945312,0.0958659692124102,24,21.818181818181817,betmgm,total,L,"Predicted: 240.2, Line: 248.5, Edge: 8.3pts, Probability: 70.6%, Confidence: 41.7%",2025-12-23 15:30:08.673262
22500409,2025-12-23 00:00:00+00:00,WAS @ CHA,Under,239.5,-105.0,-115.0,230.96568298339844,8.534317016601562,0.7085405214671514,0.4267158508300781,0.0933405302885938,23,20.0,betmgm,total,W,"Predicted: 231.0, Line: 239.5, Edge: 8.5pts, Probability: 70.9%, Confidence: 42.7%",2025-12-23 15:30:08.673262
